{
	"credit": "Made with Blockbench",
	"textures": {
		"layer0": "item/effect/staff_6"
	},
	"elements": [
		{
			"from": [-16, 8, -16],
			"to": [32, 8, 32],
			"faces": {
				"north": {"uv": [0, 0, 16, 0], "texture": "#layer0"},
				"east": {"uv": [0, 0, 16, 0], "texture": "#layer0"},
				"south": {"uv": [0, 0, 16, 0], "texture": "#layer0"},
				"west": {"uv": [0, 0, 16, 0], "texture": "#layer0"},
				"up": {"uv": [0, 16, 16, 0], "rotation": 180, "texture": "#layer0"},
				"down": {"uv": [0, 0, 16, 0.5], "texture": "#layer0"}
			}
		},
		{
			"from": [-16, 8, -16],
			"to": [32, 8, 32],
			"rotation": {"angle": 22.5, "axis": "z", "origin": [8, 8, 8]},
			"faces": {
				"north": {"uv": [0, 0, 16, 0], "texture": "#layer0"},
				"east": {"uv": [0, 0, 16, 0], "texture": "#layer0"},
				"south": {"uv": [0, 0, 16, 0], "texture": "#layer0"},
				"west": {"uv": [0, 0, 16, 0], "texture": "#layer0"},
				"up": {"uv": [0, 16, 16, 0], "rotation": 180, "texture": "#layer0"},
				"down": {"uv": [0, 0, 16, 0.5], "texture": "#layer0"}
			}
		},
		{
			"from": [-16, 8, -16],
			"to": [32, 8, 32],
			"rotation": {"angle": 45, "axis": "z", "origin": [8, 8, 8]},
			"faces": {
				"north": {"uv": [0, 0, 16, 0], "texture": "#layer0"},
				"east": {"uv": [0, 0, 16, 0], "texture": "#layer0"},
				"south": {"uv": [0, 0, 16, 0], "texture": "#layer0"},
				"west": {"uv": [0, 0, 16, 0], "texture": "#layer0"},
				"up": {"uv": [0, 16, 16, 0], "rotation": 180, "texture": "#layer0"},
				"down": {"uv": [0, 0, 16, 0.5], "texture": "#layer0"}
			}
		},
		{
			"from": [8, -16, -16],
			"to": [8, 32, 32],
			"rotation": {"angle": -22.5, "axis": "z", "origin": [8, 8, 8]},
			"faces": {
				"north": {"uv": [0, 0, 16, 0], "rotation": 90, "texture": "#layer0"},
				"east": {"uv": [0, 0, 16, 0.5], "rotation": 270, "texture": "#layer0"},
				"south": {"uv": [0, 0, 16, 0], "rotation": 270, "texture": "#layer0"},
				"west": {"uv": [0, 16, 16, 0], "rotation": 90, "texture": "#layer0"},
				"up": {"uv": [0, 0, 16, 0], "rotation": 270, "texture": "#layer0"},
				"down": {"uv": [0, 0, 16, 0], "rotation": 270, "texture": "#layer0"}
			}
		},
		{
			"from": [8, -16, -16],
			"to": [8, 32, 32],
			"faces": {
				"north": {"uv": [0, 0, 16, 0], "rotation": 90, "texture": "#layer0"},
				"east": {"uv": [0, 0, 16, 0.5], "rotation": 270, "texture": "#layer0"},
				"south": {"uv": [0, 0, 16, 0], "rotation": 270, "texture": "#layer0"},
				"west": {"uv": [0, 16, 16, 0], "rotation": 90, "texture": "#layer0"},
				"up": {"uv": [0, 0, 16, 0], "rotation": 270, "texture": "#layer0"},
				"down": {"uv": [0, 0, 16, 0], "rotation": 270, "texture": "#layer0"}
			}
		},
		{
			"from": [8, -16, -16],
			"to": [8, 32, 32],
			"rotation": {"angle": 22.5, "axis": "z", "origin": [8, 8, 8]},
			"faces": {
				"north": {"uv": [0, 0, 16, 0], "rotation": 90, "texture": "#layer0"},
				"east": {"uv": [0, 0, 16, 0.5], "rotation": 270, "texture": "#layer0"},
				"south": {"uv": [0, 0, 16, 0], "rotation": 270, "texture": "#layer0"},
				"west": {"uv": [0, 16, 16, 0], "rotation": 90, "texture": "#layer0"},
				"up": {"uv": [0, 0, 16, 0], "rotation": 270, "texture": "#layer0"},
				"down": {"uv": [0, 0, 16, 0], "rotation": 270, "texture": "#layer0"}
			}
		},
		{
			"from": [8, -16, -16],
			"to": [8, 32, 32],
			"rotation": {"angle": 45, "axis": "z", "origin": [8, 8, 8]},
			"faces": {
				"north": {"uv": [0, 0, 16, 0], "rotation": 90, "texture": "#layer0"},
				"east": {"uv": [0, 0, 16, 0.5], "rotation": 270, "texture": "#layer0"},
				"south": {"uv": [0, 0, 16, 0], "rotation": 270, "texture": "#layer0"},
				"west": {"uv": [0, 16, 16, 0], "rotation": 90, "texture": "#layer0"},
				"up": {"uv": [0, 0, 16, 0], "rotation": 270, "texture": "#layer0"},
				"down": {"uv": [0, 0, 16, 0], "rotation": 270, "texture": "#layer0"}
			}
		},
		{
			"from": [-16, 8, -16],
			"to": [32, 8, 32],
			"rotation": {"angle": -22.5, "axis": "z", "origin": [8, 8, 8]},
			"faces": {
				"north": {"uv": [0, 0, 16, 0], "rotation": 180, "texture": "#layer0"},
				"east": {"uv": [0, 0, 16, 0], "rotation": 180, "texture": "#layer0"},
				"south": {"uv": [0, 0, 16, 0], "rotation": 180, "texture": "#layer0"},
				"west": {"uv": [0, 0, 16, 0], "rotation": 180, "texture": "#layer0"},
				"up": {"uv": [0, 0, 16, 0.5], "rotation": 180, "texture": "#layer0"},
				"down": {"uv": [0, 16, 16, 0], "texture": "#layer0"}
			}
		}
	],
	"display": {
		"thirdperson_righthand": {
			"rotation": [0, 90, -125],
			"translation": [0, 1, 0],
			"scale": [0.2, 0.2, 0.2]
		},
		"thirdperson_lefthand": {
			"rotation": [-180, 90, -45],
			"translation": [0, 1, 0],
			"scale": [0.2, 0.2, 0.2]
		},
		"firstperson_righthand": {
			"rotation": [-180, 0, 0],
			"translation": [0, 2, 0],
			"scale": [4, 4, 4]
		},
		"firstperson_lefthand": {
			"rotation": [0, 0, -180],
			"translation": [0, 2, 0],
			"scale": [0.5, 0.5, 0.5]
		},
		"head": {
			"translation": [0, -20, 10],
			"scale": [2, 2, 2]
		}
	}
}