{
	"credit": "Made with Blockbench",
	"texture_size": [64, 64],
	"textures": {
		"0": "item/boss/boss_01/reminia",
		"1": "item/boss/boss_01/reminia_b",
		"2": "item/boss/boss_01/weapon_set",
		"particle": "item/boss/boss_01/reminia_b"
	},
	"elements": [
		{
			"from": [2, 2, 4],
			"to": [14, 4, 14.5],
			"rotation": {"angle": -45, "axis": "x", "origin": [8, 8, 8]},
			"faces": {
				"north": {"uv": [0, 7.75, 3, 8.25], "texture": "#1"},
				"east": {"uv": [3, 2.5, 5.75, 3], "texture": "#1"},
				"south": {"uv": [3, 7.75, 6, 8.25], "texture": "#1"},
				"west": {"uv": [7.75, 2, 10.5, 2.5], "texture": "#1"},
				"up": {"uv": [3, 2.75, 0, 0], "texture": "#1"},
				"down": {"uv": [3, 2.75, 0, 5.5], "texture": "#1"}
			}
		},
		{
			"from": [2.5, 4, 4.5],
			"to": [13.5, 6, 14],
			"rotation": {"angle": -45, "axis": "x", "origin": [8, 8, 8]},
			"faces": {
				"north": {"uv": [7.75, 2.5, 10.5, 3], "texture": "#1"},
				"east": {"uv": [7.75, 3.5, 10.25, 4], "texture": "#1"},
				"south": {"uv": [7.75, 3, 10.5, 3.5], "texture": "#1"},
				"west": {"uv": [7.75, 4, 10.25, 4.5], "texture": "#1"},
				"up": {"uv": [5.75, 5.5, 3, 3], "texture": "#1"},
				"down": {"uv": [5.75, 0, 3, 2.5], "texture": "#1"}
			}
		},
		{
			"from": [3, 6, 5],
			"to": [13, 7, 13.5],
			"rotation": {"angle": -45, "axis": "x", "origin": [8, 8, 8]},
			"faces": {
				"north": {"uv": [7.25, 7, 9.75, 7.25], "texture": "#1"},
				"east": {"uv": [5, 7.5, 7.25, 7.75], "texture": "#1"},
				"south": {"uv": [7.75, 4.5, 10.25, 4.75], "texture": "#1"},
				"west": {"uv": [7.75, 4.75, 10, 5], "texture": "#1"},
				"up": {"uv": [2.5, 7.75, 0, 5.5], "texture": "#1"},
				"down": {"uv": [5, 5.5, 2.5, 7.75], "texture": "#1"}
			}
		},
		{
			"from": [3.5, 7, 5.5],
			"to": [12.5, 8, 13],
			"rotation": {"angle": -45, "axis": "x", "origin": [8, 8, 8]},
			"faces": {
				"north": {"uv": [7.75, 5, 10, 5.25], "texture": "#1"},
				"east": {"uv": [8, 0, 10, 0.25], "texture": "#1"},
				"south": {"uv": [7.75, 5.25, 10, 5.5], "texture": "#1"},
				"west": {"uv": [8, 0.25, 10, 0.5], "texture": "#1"},
				"up": {"uv": [7.25, 7.5, 5, 5.5], "texture": "#1"},
				"down": {"uv": [8, 0, 5.75, 2], "texture": "#1"}
			}
		},
		{
			"from": [4, 8, 6],
			"to": [12, 9, 12.5],
			"rotation": {"angle": -45, "axis": "x", "origin": [8, 8, 8]},
			"faces": {
				"north": {"uv": [8, 0.5, 10, 0.75], "texture": "#1"},
				"east": {"uv": [8, 1, 9.75, 1.25], "texture": "#1"},
				"south": {"uv": [8, 0.75, 10, 1], "texture": "#1"},
				"west": {"uv": [8, 1.25, 9.75, 1.5], "texture": "#1"},
				"up": {"uv": [7.75, 3.75, 5.75, 2], "texture": "#1"},
				"down": {"uv": [7.75, 3.75, 5.75, 5.5], "texture": "#1"}
			}
		},
		{
			"from": [4.5, 9, 6.5],
			"to": [11.5, 10, 12],
			"rotation": {"angle": -45, "axis": "x", "origin": [8, 8, 8]},
			"faces": {
				"north": {"uv": [8, 1.5, 9.75, 1.75], "texture": "#1"},
				"east": {"uv": [0, 8.25, 1.5, 8.5], "texture": "#1"},
				"south": {"uv": [8, 1.75, 9.75, 2], "texture": "#1"},
				"west": {"uv": [1.5, 8.25, 3, 8.5], "texture": "#1"},
				"up": {"uv": [9, 8.75, 7.25, 7.25], "texture": "#1"},
				"down": {"uv": [9, 5.5, 7.25, 7], "texture": "#1"}
			}
		},
		{
			"name": "HD",
			"from": [5, 18.00001, 5],
			"to": [11, 24.00001, 11],
			"rotation": {"angle": 45, "axis": "y", "origin": [8, 24, 8]},
			"faces": {
				"north": {"uv": [6, 2, 8, 4], "texture": "#0"},
				"east": {"uv": [4, 2, 6, 4], "texture": "#0"},
				"south": {"uv": [2, 2, 4, 4], "texture": "#0"},
				"west": {"uv": [0, 2, 2, 4], "texture": "#0"},
				"up": {"uv": [2, 2, 4, 0], "texture": "#0"},
				"down": {"uv": [4, 2, 6, 0], "texture": "#0"}
			}
		},
		{
			"name": "HD2",
			"from": [4.7, 17.7, 4.7],
			"to": [11.3, 24.3, 11.3],
			"rotation": {"angle": 45, "axis": "y", "origin": [8, 24, 8]},
			"faces": {
				"north": {"uv": [14, 2, 16, 4], "texture": "#0"},
				"east": {"uv": [12, 2, 14, 4], "texture": "#0"},
				"south": {"uv": [10, 2, 12, 4], "texture": "#0"},
				"west": {"uv": [8, 2, 10, 4], "texture": "#0"},
				"up": {"uv": [10, 0, 12, 2], "texture": "#0"},
				"down": {"uv": [12, 2, 14, 0], "texture": "#0"}
			}
		},
		{
			"name": "BD",
			"from": [5, 9, 6.5],
			"to": [11, 18, 9.5],
			"rotation": {"angle": 0, "axis": "y", "origin": [-16, 0, -16]},
			"faces": {
				"north": {"uv": [8, 5, 10, 8], "texture": "#0"},
				"east": {"uv": [7, 5, 8, 8], "texture": "#0"},
				"south": {"uv": [5, 5, 7, 8], "texture": "#0"},
				"west": {"uv": [4, 5, 5, 8], "texture": "#0"},
				"up": {"uv": [5, 4, 7, 5], "texture": "#0"},
				"down": {"uv": [7, 4, 9, 5], "texture": "#0"}
			}
		},
		{
			"name": "BD2",
			"from": [4.85, 8.85, 6.35],
			"to": [11.15, 18.15, 9.65],
			"rotation": {"angle": 0, "axis": "y", "origin": [-16, 0, -16]},
			"faces": {
				"north": {"uv": [8, 9, 10, 12], "texture": "#0"},
				"east": {"uv": [7, 9, 8, 12], "texture": "#0"},
				"south": {"uv": [5, 9, 7, 12], "texture": "#0"},
				"west": {"uv": [4, 9, 5, 12], "texture": "#0"},
				"up": {"uv": [5, 8, 7, 9], "texture": "#0"},
				"down": {"uv": [7, 8, 9, 9], "texture": "#0"}
			}
		},
		{
			"name": "LA",
			"from": [11, 9, 6.5],
			"to": [13.25, 18, 9.5],
			"rotation": {"angle": 22.5, "axis": "z", "origin": [12.125, 17.5, 8]},
			"faces": {
				"north": {"uv": [10.75, 13, 11.5, 16], "texture": "#0"},
				"east": {"uv": [9.75, 13, 10.75, 16], "texture": "#0"},
				"south": {"uv": [9, 13, 9.75, 16], "texture": "#0"},
				"west": {"uv": [8, 13, 9, 16], "texture": "#0"},
				"up": {"uv": [9, 12, 9.75, 13], "texture": "#0"},
				"down": {"uv": [9.75, 12, 10.5, 13], "texture": "#0"}
			}
		},
		{
			"name": "LA2",
			"from": [10.85, 8.85, 6.35],
			"to": [13.4, 18.15, 9.65],
			"rotation": {"angle": 22.5, "axis": "z", "origin": [12.125, 17.5, 8]},
			"faces": {
				"north": {"uv": [14.75, 13, 15.5, 16], "texture": "#0"},
				"east": {"uv": [13.75, 13, 14.75, 16], "texture": "#0"},
				"south": {"uv": [13, 13, 13.75, 16], "texture": "#0"},
				"west": {"uv": [12, 13, 13, 16], "texture": "#0"},
				"up": {"uv": [13, 12, 13.75, 13], "texture": "#0"},
				"down": {"uv": [14, 12, 14.75, 13], "texture": "#0"}
			}
		},
		{
			"name": "RA",
			"from": [2.75, 9, 6.5],
			"to": [5, 18, 9.5],
			"rotation": {"angle": -22.5, "axis": "z", "origin": [3.875, 16.5, 8]},
			"faces": {
				"north": {"uv": [12.75, 5, 13.5, 8], "texture": "#0"},
				"east": {"uv": [10, 5, 11, 8], "texture": "#0"},
				"south": {"uv": [11, 5, 11.75, 8], "texture": "#0"},
				"west": {"uv": [11.75, 5, 12.75, 8], "texture": "#0"},
				"up": {"uv": [11, 4, 11.75, 5], "texture": "#0"},
				"down": {"uv": [11.75, 4, 12.5, 5], "texture": "#0"}
			}
		},
		{
			"name": "RA2",
			"from": [2.6, 8.85, 6.35],
			"to": [5.15, 18.15, 9.65],
			"rotation": {"angle": -22.5, "axis": "z", "origin": [3.875, 16.5, 8]},
			"faces": {
				"north": {"uv": [12.75, 9, 13.5, 12], "texture": "#0"},
				"east": {"uv": [11.75, 9, 12.75, 12], "texture": "#0"},
				"south": {"uv": [11, 9, 11.75, 12], "texture": "#0"},
				"west": {"uv": [10, 9, 11, 12], "texture": "#0"},
				"up": {"uv": [11, 8, 11.75, 9], "texture": "#0"},
				"down": {"uv": [11.75, 8, 12.5, 9], "texture": "#0"}
			}
		},
		{
			"name": "LL",
			"from": [8, 0.00002, 6.5],
			"to": [11, 9.00002, 9.5],
			"rotation": {"angle": -22.5, "axis": "x", "origin": [9.5, 8.50001, 8]},
			"faces": {
				"north": {"uv": [7, 13, 8, 16], "texture": "#0"},
				"east": {"uv": [6, 13, 7, 16], "texture": "#0"},
				"south": {"uv": [5, 13, 6, 16], "texture": "#0"},
				"west": {"uv": [4, 13, 5, 16], "texture": "#0"},
				"up": {"uv": [5, 12, 6, 13], "texture": "#0"},
				"down": {"uv": [6, 12, 7, 13], "texture": "#0"}
			}
		},
		{
			"name": "LL2",
			"from": [7.85, -0.15, 6.35],
			"to": [11.15, 9.15, 9.65],
			"rotation": {"angle": -22.5, "axis": "x", "origin": [9.5, 8.50001, 8]},
			"faces": {
				"north": {"uv": [3, 13, 4, 16], "texture": "#0"},
				"east": {"uv": [2, 13, 3, 16], "texture": "#0"},
				"south": {"uv": [1, 13, 2, 16], "texture": "#0"},
				"west": {"uv": [0, 13, 1, 16], "texture": "#0"},
				"up": {"uv": [1, 12, 2, 13], "texture": "#0"},
				"down": {"uv": [2, 12, 3, 13], "texture": "#0"}
			}
		},
		{
			"name": "RL",
			"from": [5.00001, 7, 7.5],
			"to": [8.00001, 10, 16.5],
			"rotation": {"angle": 22.5, "axis": "x", "origin": [6.50001, 8.5, 8]},
			"faces": {
				"north": {"uv": [1, 4, 2, 5], "rotation": 180, "texture": "#0"},
				"east": {"uv": [2, 5, 3, 8], "rotation": 90, "texture": "#0"},
				"south": {"uv": [2, 4, 3, 5], "texture": "#0"},
				"west": {"uv": [0, 5, 1, 8], "rotation": 270, "texture": "#0"},
				"up": {"uv": [1, 5, 2, 8], "texture": "#0"},
				"down": {"uv": [3, 5, 4, 8], "rotation": 180, "texture": "#0"}
			}
		},
		{
			"name": "RL2",
			"from": [4.85, 6.85, 7.35],
			"to": [8.15, 10.15, 16.65],
			"rotation": {"angle": 22.5, "axis": "x", "origin": [6.50001, 8.5, 8]},
			"faces": {
				"north": {"uv": [1, 8, 2, 9], "rotation": 180, "texture": "#0"},
				"east": {"uv": [2, 9, 3, 12], "rotation": 90, "texture": "#0"},
				"south": {"uv": [2, 8, 3, 9], "texture": "#0"},
				"west": {"uv": [0, 9, 1, 12], "rotation": 270, "texture": "#0"},
				"up": {"uv": [1, 9, 2, 12], "texture": "#0"},
				"down": {"uv": [3, 9, 4, 12], "rotation": 180, "texture": "#0"}
			}
		},
		{
			"from": [0.70711, 0, -7.77817],
			"to": [0.70711, 32, 23.22183],
			"rotation": {"angle": -45, "axis": "y", "origin": [8, 8, 8]},
			"faces": {
				"north": {"uv": [0, 0, 0, 8], "texture": "#2"},
				"east": {"uv": [0, 0, 15.96025, 15.96875], "texture": "#2"},
				"south": {"uv": [0, 0, 0, 8], "texture": "#2"},
				"west": {"uv": [0, 0, 0.504, 0.5125], "texture": "#2"},
				"up": {"uv": [0, 0, 0, 7.75], "texture": "#2"},
				"down": {"uv": [0, 0, 0, 7.75], "texture": "#2"}
			}
		}
	],
	"display": {
		"head": {
			"rotation": [0, 135, 0],
			"translation": [0, -28, 0],
			"scale": [2.11, 2.11, 2.11]
		}
	},
	"groups": [
		{
			"name": "group",
			"origin": [8, 8, 8],
			"children": [0, 1, 2, 3, 4, 5]
		},
		{
			"name": "reminia",
			"origin": [8, 8, 8],
			"children": [
				{
					"name": "group",
					"origin": [8, 24, 8],
					"children": [6, 7]
				},
				{
					"name": "group",
					"origin": [-16, 0, -16],
					"children": [8, 9]
				},
				{
					"name": "group",
					"origin": [-16, 0, -16],
					"children": [10, 11]
				},
				{
					"name": "group",
					"origin": [-16, 0, -16],
					"children": [12, 13]
				},
				{
					"name": "group",
					"origin": [-16, 0, -16],
					"children": [14, 15]
				},
				{
					"name": "group",
					"origin": [-16, 0, -16],
					"children": [16, 17]
				}
			]
		}, 18]
}