{
	"credit": "Made with Blockbench",
	"textures": {
		"0": "item/boss/boss_01/magic_circle",
		"2": "item/boss/boss_01/weapon_b",
		"3": "item/boss/boss_01/weapon_a",
		"particle": "item/boss/boss_01/magic_circle"
	},
	"elements": [
		{
			"from": [-16, -15, -16],
			"to": [32, -15, 32],
			"rotation": {"angle": 0, "axis": "y", "origin": [15.5, 16, 15.5]},
			"faces": {
				"north": {"uv": [0, 0, 0.5, 0.5], "texture": "#0"},
				"east": {"uv": [0, 0, 0.5, 0.5], "texture": "#0"},
				"south": {"uv": [0, 0, 0.5, 0.5], "texture": "#0"},
				"west": {"uv": [0, 0, 0.5, 0.5], "texture": "#0"},
				"up": {"uv": [0, 0, 16, 16], "texture": "#0"},
				"down": {"uv": [0, 0, 0.5, 0.5], "texture": "#0"}
			}
		},
		{
			"from": [-7.86705, 12.59966, 7.5],
			"to": [-5.86705, 14.59966, 8.5],
			"rotation": {"angle": 22.5, "axis": "z", "origin": [-3.7602, 20.67786, 0]},
			"faces": {
				"north": {"uv": [10, 0, 2, 8], "texture": "#3"},
				"east": {"uv": [2, 0, 10, 8], "texture": "#3"},
				"south": {"uv": [2, 0, 10, 8], "texture": "#3"},
				"west": {"uv": [2, 0, 10, 8], "texture": "#3"},
				"up": {"uv": [2, 0, 10, 8], "texture": "#3"},
				"down": {"uv": [2, 0, 10, 8], "texture": "#3"}
			}
		},
		{
			"from": [-4.80558, 20.68202, 7.5],
			"to": [-2.80558, 22.68202, 8.5],
			"rotation": {"angle": -22.5, "axis": "z", "origin": [-0.69873, 22.60382, 0]},
			"faces": {
				"north": {"uv": [10, 0, 2, 8], "texture": "#3"},
				"east": {"uv": [2, 0, 10, 8], "texture": "#3"},
				"south": {"uv": [2, 0, 10, 8], "texture": "#3"},
				"west": {"uv": [2, 0, 10, 8], "texture": "#3"},
				"up": {"uv": [2, 0, 10, 8], "texture": "#3"},
				"down": {"uv": [2, 0, 10, 8], "texture": "#3"}
			}
		},
		{
			"from": [19.08379, 20.68202, 7.5],
			"to": [21.08379, 22.68202, 8.5],
			"rotation": {"angle": 22.5, "axis": "z", "origin": [16.97694, 22.60382, 0]},
			"faces": {
				"north": {"uv": [10, 0, 2, 8], "rotation": 180, "texture": "#3"},
				"east": {"uv": [2, 0, 10, 8], "texture": "#3"},
				"south": {"uv": [2, 0, 10, 8], "rotation": 180, "texture": "#3"},
				"west": {"uv": [2, 0, 10, 8], "texture": "#3"},
				"up": {"uv": [2, 0, 10, 8], "texture": "#3"},
				"down": {"uv": [2, 0, 10, 8], "texture": "#3"}
			}
		},
		{
			"from": [21.76466, 14.51307, 7.5],
			"to": [23.76466, 16.51307, 8.5],
			"rotation": {"angle": -22.5, "axis": "z", "origin": [15.03841, 20.67786, 0]},
			"faces": {
				"north": {"uv": [10, 0, 2, 8], "rotation": 180, "texture": "#3"},
				"east": {"uv": [2, 0, 10, 8], "texture": "#3"},
				"south": {"uv": [2, 0, 10, 8], "rotation": 180, "texture": "#3"},
				"west": {"uv": [2, 0, 10, 8], "texture": "#3"},
				"up": {"uv": [2, 0, 10, 8], "texture": "#3"},
				"down": {"uv": [2, 0, 10, 8], "texture": "#3"}
			}
		},
		{
			"from": [-5.86705, 11.59966, 7.5],
			"to": [-3.86705, 15.59966, 8.5],
			"rotation": {"angle": 22.5, "axis": "z", "origin": [-3.7602, 20.67786, 0]},
			"faces": {
				"north": {"uv": [3, 0, 10, 8], "texture": "#3"},
				"east": {"uv": [2, 0, 10, 8], "texture": "#3"},
				"south": {"uv": [3, 0, 10, 8], "texture": "#3"},
				"west": {"uv": [2, 0, 10, 8], "texture": "#3"},
				"up": {"uv": [2, 0, 10, 8], "texture": "#3"},
				"down": {"uv": [2, 0, 10, 8], "texture": "#3"}
			}
		},
		{
			"from": [-2.80558, 19.68202, 7.5],
			"to": [-0.80558, 23.68202, 8.5],
			"rotation": {"angle": -22.5, "axis": "z", "origin": [-0.69873, 22.60382, 0]},
			"faces": {
				"north": {"uv": [3, 0, 10, 8], "texture": "#3"},
				"east": {"uv": [2, 0, 10, 8], "texture": "#3"},
				"south": {"uv": [3, 0, 10, 8], "texture": "#3"},
				"west": {"uv": [2, 0, 10, 8], "texture": "#3"},
				"up": {"uv": [2, 0, 10, 8], "texture": "#3"},
				"down": {"uv": [2, 0, 10, 8], "texture": "#3"}
			}
		},
		{
			"from": [17.08379, 19.68202, 7.5],
			"to": [19.08379, 23.68202, 8.5],
			"rotation": {"angle": 22.5, "axis": "z", "origin": [16.97694, 22.60382, 0]},
			"faces": {
				"north": {"uv": [3, 0, 10, 8], "rotation": 180, "texture": "#3"},
				"east": {"uv": [2, 0, 10, 8], "texture": "#3"},
				"south": {"uv": [3, 0, 10, 8], "rotation": 180, "texture": "#3"},
				"west": {"uv": [2, 0, 10, 8], "texture": "#3"},
				"up": {"uv": [2, 0, 10, 8], "texture": "#3"},
				"down": {"uv": [2, 0, 10, 8], "texture": "#3"}
			}
		},
		{
			"from": [19.76466, 13.51307, 7.5],
			"to": [21.76466, 17.51307, 8.5],
			"rotation": {"angle": -22.5, "axis": "z", "origin": [15.03841, 20.67786, 0]},
			"faces": {
				"north": {"uv": [3, 0, 10, 8], "rotation": 180, "texture": "#3"},
				"east": {"uv": [2, 0, 10, 8], "texture": "#3"},
				"south": {"uv": [3, 0, 10, 8], "rotation": 180, "texture": "#3"},
				"west": {"uv": [2, 0, 10, 8], "texture": "#3"},
				"up": {"uv": [2, 0, 10, 8], "texture": "#3"},
				"down": {"uv": [2, 0, 10, 8], "texture": "#3"}
			}
		},
		{
			"from": [-5.91557, 16.94532, 7.5],
			"to": [-3.91557, 18.94532, 8.5],
			"rotation": {"angle": 0, "axis": "y", "origin": [13.08443, 17.44532, 15.5]},
			"faces": {
				"north": {"uv": [10, 0, 2, 8], "texture": "#3"},
				"east": {"uv": [2, 0, 10, 8], "texture": "#3"},
				"south": {"uv": [2, 0, 10, 8], "texture": "#3"},
				"west": {"uv": [2, 0, 10, 8], "texture": "#3"},
				"up": {"uv": [2, 0, 10, 8], "texture": "#3"},
				"down": {"uv": [2, 0, 10, 8], "texture": "#3"}
			}
		},
		{
			"from": [20.19378, 16.94532, 7.5],
			"to": [22.19378, 18.94532, 8.5],
			"rotation": {"angle": 0, "axis": "y", "origin": [3.19378, 17.44532, 15.5]},
			"faces": {
				"north": {"uv": [10, 0, 2, 8], "rotation": 180, "texture": "#3"},
				"east": {"uv": [2, 0, 10, 8], "texture": "#3"},
				"south": {"uv": [2, 0, 10, 8], "rotation": 180, "texture": "#3"},
				"west": {"uv": [2, 0, 10, 8], "texture": "#3"},
				"up": {"uv": [2, 0, 10, 8], "texture": "#3"},
				"down": {"uv": [2, 0, 10, 8], "texture": "#3"}
			}
		},
		{
			"from": [7.1391, -16, 7.5],
			"to": [9.1391, 5.89064, 8.5],
			"rotation": {"angle": 0, "axis": "z", "origin": [12.6391, 14.89064, 15.5]},
			"faces": {
				"north": {"uv": [2, 8, 10, 0], "rotation": 270, "texture": "#3"},
				"east": {"uv": [2, 0, 10, 8], "texture": "#3"},
				"south": {"uv": [2, 0, 10, 8], "rotation": 270, "texture": "#3"},
				"west": {"uv": [2, 0, 10, 8], "texture": "#3"},
				"up": {"uv": [2, 0, 10, 8], "texture": "#3"},
				"down": {"uv": [2, 0, 10, 8], "texture": "#3"}
			}
		},
		{
			"from": [3.1391, -16, 7.5],
			"to": [7.1391, -8.10936, 8.5],
			"rotation": {"angle": 0, "axis": "z", "origin": [12.6391, 14.89064, 15.5]},
			"faces": {
				"north": {"uv": [10, 0, 2, 8], "texture": "#2"},
				"east": {"uv": [2, 0, 10, 8], "texture": "#2"},
				"south": {"uv": [2, 0, 10, 8], "texture": "#2"},
				"west": {"uv": [2, 0, 10, 8], "texture": "#2"},
				"up": {"uv": [2, 0, 10, 8], "texture": "#2"},
				"down": {"uv": [2, 0, 10, 8], "texture": "#2"}
			}
		},
		{
			"from": [7.1391, 30, 7.5],
			"to": [9.1391, 32, 8.5],
			"rotation": {"angle": 0, "axis": "z", "origin": [12.6391, 3.05468, 15.5]},
			"faces": {
				"north": {"uv": [10, 0, 2, 8], "rotation": 270, "texture": "#3"},
				"east": {"uv": [2, 0, 10, 8], "texture": "#3"},
				"south": {"uv": [2, 0, 10, 8], "rotation": 90, "texture": "#3"},
				"west": {"uv": [2, 0, 10, 8], "texture": "#3"},
				"up": {"uv": [2, 0, 10, 8], "texture": "#3"},
				"down": {"uv": [2, 0, 10, 8], "texture": "#3"}
			}
		},
		{
			"from": [-3.91557, 15.94532, 7.5],
			"to": [-1.91557, 19.94532, 8.5],
			"rotation": {"angle": 0, "axis": "y", "origin": [13.08443, 17.44532, 15.5]},
			"faces": {
				"north": {"uv": [3, 0, 10, 8], "texture": "#3"},
				"east": {"uv": [2, 0, 10, 8], "texture": "#3"},
				"south": {"uv": [3, 0, 10, 8], "texture": "#3"},
				"west": {"uv": [2, 0, 10, 8], "texture": "#3"},
				"up": {"uv": [2, 0, 10, 8], "texture": "#3"},
				"down": {"uv": [2, 0, 10, 8], "texture": "#3"}
			}
		},
		{
			"from": [18.19378, 15.94532, 7.5],
			"to": [20.19378, 19.94532, 8.5],
			"rotation": {"angle": 0, "axis": "y", "origin": [3.19378, 17.44532, 15.5]},
			"faces": {
				"north": {"uv": [3, 0, 10, 8], "rotation": 180, "texture": "#3"},
				"east": {"uv": [2, 0, 10, 8], "texture": "#3"},
				"south": {"uv": [3, 0, 10, 8], "rotation": 180, "texture": "#3"},
				"west": {"uv": [2, 0, 10, 8], "texture": "#3"},
				"up": {"uv": [2, 0, 10, 8], "texture": "#3"},
				"down": {"uv": [2, 0, 10, 8], "texture": "#3"}
			}
		},
		{
			"from": [6.1391, 5.89064, 7.5],
			"to": [10.1391, 7.89064, 8.5],
			"rotation": {"angle": 0, "axis": "z", "origin": [12.6391, 14.89064, 15.5]},
			"faces": {
				"north": {"uv": [3, 0, 10, 8], "rotation": 90, "texture": "#3"},
				"east": {"uv": [2, 0, 10, 8], "texture": "#3"},
				"south": {"uv": [3, 0, 10, 8], "rotation": 270, "texture": "#3"},
				"west": {"uv": [2, 0, 10, 8], "texture": "#3"},
				"up": {"uv": [2, 0, 10, 8], "texture": "#3"},
				"down": {"uv": [2, 0, 10, 8], "texture": "#3"}
			}
		},
		{
			"from": [6.1391, 28, 7.5],
			"to": [10.1391, 30, 8.5],
			"rotation": {"angle": 0, "axis": "z", "origin": [12.6391, 3.05468, 15.5]},
			"faces": {
				"north": {"uv": [3, 0, 10, 8], "rotation": 270, "texture": "#3"},
				"east": {"uv": [2, 0, 10, 8], "texture": "#3"},
				"south": {"uv": [3, 0, 10, 8], "rotation": 90, "texture": "#3"},
				"west": {"uv": [2, 0, 10, 8], "texture": "#3"},
				"up": {"uv": [2, 0, 10, 8], "texture": "#3"},
				"down": {"uv": [2, 0, 10, 8], "texture": "#3"}
			}
		},
		{
			"from": [-8.00697, 7.83799, 7.5],
			"to": [-6.00697, 9.83799, 8.5],
			"rotation": {"angle": 45, "axis": "z", "origin": [-3.90011, 15.91619, 0]},
			"faces": {
				"north": {"uv": [10, 0, 2, 8], "texture": "#3"},
				"east": {"uv": [2, 0, 10, 8], "texture": "#3"},
				"south": {"uv": [2, 0, 10, 8], "texture": "#3"},
				"west": {"uv": [2, 0, 10, 8], "texture": "#3"},
				"up": {"uv": [2, 0, 10, 8], "texture": "#3"},
				"down": {"uv": [2, 0, 10, 8], "texture": "#3"}
			}
		},
		{
			"from": [-2.35011, 23.70951, 7.5],
			"to": [-0.35011, 25.70951, 8.5],
			"rotation": {"angle": -45, "axis": "z", "origin": [1.75674, 25.63131, 0]},
			"faces": {
				"north": {"uv": [10, 0, 2, 8], "texture": "#3"},
				"east": {"uv": [2, 0, 10, 8], "texture": "#3"},
				"south": {"uv": [2, 0, 10, 8], "texture": "#3"},
				"west": {"uv": [2, 0, 10, 8], "texture": "#3"},
				"up": {"uv": [2, 0, 10, 8], "texture": "#3"},
				"down": {"uv": [2, 0, 10, 8], "texture": "#3"}
			}
		},
		{
			"from": [16.62832, 23.70951, 7.5],
			"to": [18.62832, 25.70951, 8.5],
			"rotation": {"angle": 45, "axis": "z", "origin": [14.52147, 25.63131, 0]},
			"faces": {
				"north": {"uv": [10, 0, 2, 8], "rotation": 180, "texture": "#3"},
				"east": {"uv": [2, 0, 10, 8], "texture": "#3"},
				"south": {"uv": [2, 0, 10, 8], "rotation": 180, "texture": "#3"},
				"west": {"uv": [2, 0, 10, 8], "texture": "#3"},
				"up": {"uv": [2, 0, 10, 8], "texture": "#3"},
				"down": {"uv": [2, 0, 10, 8], "texture": "#3"}
			}
		},
		{
			"from": [20.82071, 11.37352, 7.5],
			"to": [22.82071, 13.37352, 8.5],
			"rotation": {"angle": -45, "axis": "z", "origin": [15.17832, 15.91619, 0]},
			"faces": {
				"north": {"uv": [10, 0, 2, 8], "rotation": 180, "texture": "#3"},
				"east": {"uv": [2, 0, 10, 8], "texture": "#3"},
				"south": {"uv": [2, 0, 10, 8], "rotation": 180, "texture": "#3"},
				"west": {"uv": [2, 0, 10, 8], "texture": "#3"},
				"up": {"uv": [2, 0, 10, 8], "texture": "#3"},
				"down": {"uv": [2, 0, 10, 8], "texture": "#3"}
			}
		},
		{
			"from": [-0.35011, 22.70951, 7.5],
			"to": [1.64989, 26.70951, 8.5],
			"rotation": {"angle": -45, "axis": "z", "origin": [1.75674, 25.63131, 0]},
			"faces": {
				"north": {"uv": [3, 0, 10, 8], "texture": "#3"},
				"east": {"uv": [2, 0, 10, 8], "texture": "#3"},
				"south": {"uv": [3, 0, 10, 8], "texture": "#3"},
				"west": {"uv": [2, 0, 10, 8], "texture": "#3"},
				"up": {"uv": [2, 0, 10, 8], "texture": "#3"},
				"down": {"uv": [2, 0, 10, 8], "texture": "#3"}
			}
		},
		{
			"from": [-6.00697, 6.83799, 7.5],
			"to": [-4.00697, 10.83799, 8.5],
			"rotation": {"angle": 45, "axis": "z", "origin": [-3.90011, 15.91619, 0]},
			"faces": {
				"north": {"uv": [3, 0, 10, 8], "texture": "#3"},
				"east": {"uv": [2, 0, 10, 8], "texture": "#3"},
				"south": {"uv": [3, 0, 10, 8], "texture": "#3"},
				"west": {"uv": [2, 0, 10, 8], "texture": "#3"},
				"up": {"uv": [2, 0, 10, 8], "texture": "#3"},
				"down": {"uv": [2, 0, 10, 8], "texture": "#3"}
			}
		},
		{
			"from": [5.09728, 5.52137, 7.5],
			"to": [7.09728, 7.52137, 8.5],
			"rotation": {"angle": -22.5, "axis": "z", "origin": [3.01908, 13.62822, 0]},
			"faces": {
				"north": {"uv": [10, 0, 2, 8], "rotation": 90, "texture": "#3"},
				"east": {"uv": [2, 0, 10, 8], "texture": "#3"},
				"south": {"uv": [2, 0, 10, 8], "rotation": 270, "texture": "#3"},
				"west": {"uv": [2, 0, 10, 8], "texture": "#3"},
				"up": {"uv": [2, 0, 10, 8], "texture": "#3"},
				"down": {"uv": [2, 0, 10, 8], "texture": "#3"}
			}
		},
		{
			"from": [2.03582, 27.64084, 7.5],
			"to": [4.03582, 29.64084, 8.5],
			"rotation": {"angle": 22.5, "axis": "z", "origin": [-0.04238, 29.65345, 0]},
			"faces": {
				"north": {"uv": [10, 0, 2, 8], "rotation": 270, "texture": "#3"},
				"east": {"uv": [2, 0, 10, 8], "texture": "#3"},
				"south": {"uv": [2, 0, 10, 8], "rotation": 90, "texture": "#3"},
				"west": {"uv": [2, 0, 10, 8], "texture": "#3"},
				"up": {"uv": [2, 0, 10, 8], "texture": "#3"},
				"down": {"uv": [2, 0, 10, 8], "texture": "#3"}
			}
		},
		{
			"from": [12.24239, 27.64084, 7.5],
			"to": [14.24239, 29.64084, 8.5],
			"rotation": {"angle": -22.5, "axis": "z", "origin": [16.32059, 29.65345, 0]},
			"faces": {
				"north": {"uv": [10, 0, 2, 8], "rotation": 270, "texture": "#3"},
				"east": {"uv": [2, 0, 10, 8], "texture": "#3"},
				"south": {"uv": [2, 0, 10, 8], "rotation": 90, "texture": "#3"},
				"west": {"uv": [2, 0, 10, 8], "texture": "#3"},
				"up": {"uv": [2, 0, 10, 8], "texture": "#3"},
				"down": {"uv": [2, 0, 10, 8], "texture": "#3"}
			}
		},
		{
			"from": [8.80032, 3.60795, 7.5],
			"to": [10.80032, 5.60795, 8.5],
			"rotation": {"angle": 22.5, "axis": "z", "origin": [8.25913, 13.62822, 0]},
			"faces": {
				"north": {"uv": [10, 0, 2, 8], "rotation": 90, "texture": "#3"},
				"east": {"uv": [2, 0, 10, 8], "texture": "#3"},
				"south": {"uv": [2, 0, 10, 8], "rotation": 270, "texture": "#3"},
				"west": {"uv": [2, 0, 10, 8], "texture": "#3"},
				"up": {"uv": [2, 0, 10, 8], "texture": "#3"},
				"down": {"uv": [2, 0, 10, 8], "texture": "#3"}
			}
		},
		{
			"from": [4.09728, 7.52137, 7.5],
			"to": [8.09728, 9.52137, 8.5],
			"rotation": {"angle": -22.5, "axis": "z", "origin": [3.01908, 13.62822, 0]},
			"faces": {
				"north": {"uv": [3, 0, 10, 8], "rotation": 90, "texture": "#3"},
				"east": {"uv": [2, 0, 10, 8], "texture": "#3"},
				"south": {"uv": [3, 0, 10, 8], "rotation": 270, "texture": "#3"},
				"west": {"uv": [2, 0, 10, 8], "texture": "#3"},
				"up": {"uv": [2, 0, 10, 8], "texture": "#3"},
				"down": {"uv": [2, 0, 10, 8], "texture": "#3"}
			}
		},
		{
			"from": [1.03582, 25.76031, 7.5],
			"to": [5.03582, 27.76031, 8.5],
			"rotation": {"angle": 22.5, "axis": "z", "origin": [-0.04238, 29.65345, 0]},
			"faces": {
				"north": {"uv": [3, 0, 10, 8], "rotation": 270, "texture": "#3"},
				"east": {"uv": [2, 0, 10, 8], "texture": "#3"},
				"south": {"uv": [3, 0, 10, 8], "rotation": 90, "texture": "#3"},
				"west": {"uv": [2, 0, 10, 8], "texture": "#3"},
				"up": {"uv": [2, 0, 10, 8], "texture": "#3"},
				"down": {"uv": [2, 0, 10, 8], "texture": "#3"}
			}
		},
		{
			"from": [11.24239, 25.76031, 7.5],
			"to": [15.24239, 27.76031, 8.5],
			"rotation": {"angle": -22.5, "axis": "z", "origin": [16.32059, 29.65345, 0]},
			"faces": {
				"north": {"uv": [3, 0, 10, 8], "rotation": 270, "texture": "#3"},
				"east": {"uv": [2, 0, 10, 8], "texture": "#3"},
				"south": {"uv": [3, 0, 10, 8], "rotation": 90, "texture": "#3"},
				"west": {"uv": [2, 0, 10, 8], "texture": "#3"},
				"up": {"uv": [2, 0, 10, 8], "texture": "#3"},
				"down": {"uv": [2, 0, 10, 8], "texture": "#3"}
			}
		},
		{
			"from": [7.80032, 5.60795, 7.5],
			"to": [11.80032, 7.60795, 8.5],
			"rotation": {"angle": 22.5, "axis": "z", "origin": [8.25913, 13.62822, 0]},
			"faces": {
				"north": {"uv": [3, 0, 10, 8], "rotation": 90, "texture": "#3"},
				"east": {"uv": [2, 0, 10, 8], "texture": "#3"},
				"south": {"uv": [3, 0, 10, 8], "rotation": 270, "texture": "#3"},
				"west": {"uv": [2, 0, 10, 8], "texture": "#3"},
				"up": {"uv": [2, 0, 10, 8], "texture": "#3"},
				"down": {"uv": [2, 0, 10, 8], "texture": "#3"}
			}
		},
		{
			"from": [14.62832, 22.70951, 7.5],
			"to": [16.62832, 26.70951, 8.5],
			"rotation": {"angle": 45, "axis": "z", "origin": [14.52147, 25.63131, 0]},
			"faces": {
				"north": {"uv": [3, 0, 10, 8], "rotation": 180, "texture": "#3"},
				"east": {"uv": [2, 0, 10, 8], "texture": "#3"},
				"south": {"uv": [3, 0, 10, 8], "rotation": 180, "texture": "#3"},
				"west": {"uv": [2, 0, 10, 8], "texture": "#3"},
				"up": {"uv": [2, 0, 10, 8], "texture": "#3"},
				"down": {"uv": [2, 0, 10, 8], "texture": "#3"}
			}
		},
		{
			"from": [18.82071, 10.37352, 7.5],
			"to": [20.82071, 14.37352, 8.5],
			"rotation": {"angle": -45, "axis": "z", "origin": [15.17832, 15.91619, 0]},
			"faces": {
				"north": {"uv": [3, 0, 10, 8], "rotation": 180, "texture": "#3"},
				"east": {"uv": [2, 0, 10, 8], "texture": "#3"},
				"south": {"uv": [3, 0, 10, 8], "rotation": 180, "texture": "#3"},
				"west": {"uv": [2, 0, 10, 8], "texture": "#3"},
				"up": {"uv": [2, 0, 10, 8], "texture": "#3"},
				"down": {"uv": [2, 0, 10, 8], "texture": "#3"}
			}
		},
		{
			"from": [3.36871, 13.18958, 7],
			"to": [4.33715, 14.15801, 9],
			"rotation": {"angle": 22.5, "axis": "z", "origin": [5.84697, 18.00721, 4.06011]},
			"faces": {
				"north": {"uv": [10, 0, 2, 8], "texture": "#2"},
				"east": {"uv": [2, 0, 10, 8], "texture": "#2"},
				"south": {"uv": [2, 0, 10, 8], "texture": "#2"},
				"west": {"uv": [2, 0, 10, 8], "texture": "#2"},
				"up": {"uv": [2, 0, 10, 8], "texture": "#2"},
				"down": {"uv": [2, 0, 10, 8], "texture": "#2"}
			}
		},
		{
			"from": [5.6352, 17.02234, 7],
			"to": [6.60364, 17.99078, 9],
			"rotation": {"angle": -22.5, "axis": "z", "origin": [7.32939, 18.9398, 4.06011]},
			"faces": {
				"north": {"uv": [10, 0, 2, 8], "texture": "#2"},
				"east": {"uv": [2, 0, 10, 8], "texture": "#2"},
				"south": {"uv": [2, 0, 10, 8], "texture": "#2"},
				"west": {"uv": [2, 0, 10, 8], "texture": "#2"},
				"up": {"uv": [2, 0, 10, 8], "texture": "#2"},
				"down": {"uv": [2, 0, 10, 8], "texture": "#2"}
			}
		},
		{
			"from": [16.4188, 17.1032, 7],
			"to": [17.38724, 18.07164, 9],
			"rotation": {"angle": 22.5, "axis": "z", "origin": [15.88827, 18.9398, 4.06011]},
			"faces": {
				"north": {"uv": [10, 0, 2, 8], "rotation": 180, "texture": "#2"},
				"east": {"uv": [2, 0, 10, 8], "texture": "#2"},
				"south": {"uv": [2, 0, 10, 8], "rotation": 180, "texture": "#2"},
				"west": {"uv": [2, 0, 10, 8], "texture": "#2"},
				"up": {"uv": [2, 0, 10, 8], "texture": "#2"},
				"down": {"uv": [2, 0, 10, 8], "texture": "#2"}
			}
		},
		{
			"from": [18.50099, 14.03523, 7],
			"to": [19.46943, 15.00366, 9],
			"rotation": {"angle": -22.5, "axis": "z", "origin": [14.94959, 18.00721, 4.06011]},
			"faces": {
				"north": {"uv": [10, 0, 2, 8], "rotation": 180, "texture": "#2"},
				"east": {"uv": [2, 0, 10, 8], "texture": "#2"},
				"south": {"uv": [2, 0, 10, 8], "rotation": 180, "texture": "#2"},
				"west": {"uv": [2, 0, 10, 8], "texture": "#2"},
				"up": {"uv": [2, 0, 10, 8], "texture": "#2"},
				"down": {"uv": [2, 0, 10, 8], "texture": "#2"}
			}
		},
		{
			"from": [4.33715, 12.70536, 7],
			"to": [5.30559, 14.64223, 9],
			"rotation": {"angle": 22.5, "axis": "z", "origin": [5.84697, 18.00721, 4.06011]},
			"faces": {
				"north": {"uv": [3, 0, 10, 8], "texture": "#2"},
				"east": {"uv": [2, 0, 10, 8], "texture": "#2"},
				"south": {"uv": [3, 0, 10, 8], "texture": "#2"},
				"west": {"uv": [2, 0, 10, 8], "texture": "#2"},
				"up": {"uv": [2, 0, 10, 8], "texture": "#2"},
				"down": {"uv": [2, 0, 10, 8], "texture": "#2"}
			}
		},
		{
			"from": [6.60364, 16.53812, 7],
			"to": [7.57207, 18.475, 9],
			"rotation": {"angle": -22.5, "axis": "z", "origin": [7.32939, 18.9398, 4.06011]},
			"faces": {
				"north": {"uv": [3, 0, 10, 8], "texture": "#2"},
				"east": {"uv": [2, 0, 10, 8], "texture": "#2"},
				"south": {"uv": [3, 0, 10, 8], "texture": "#2"},
				"west": {"uv": [2, 0, 10, 8], "texture": "#2"},
				"up": {"uv": [2, 0, 10, 8], "texture": "#2"},
				"down": {"uv": [2, 0, 10, 8], "texture": "#2"}
			}
		},
		{
			"from": [15.45036, 16.61899, 7],
			"to": [16.4188, 18.55586, 9],
			"rotation": {"angle": 22.5, "axis": "z", "origin": [15.88827, 18.9398, 4.06011]},
			"faces": {
				"north": {"uv": [3, 0, 10, 8], "rotation": 180, "texture": "#2"},
				"east": {"uv": [2, 0, 10, 8], "texture": "#2"},
				"south": {"uv": [3, 0, 10, 8], "rotation": 180, "texture": "#2"},
				"west": {"uv": [2, 0, 10, 8], "texture": "#2"},
				"up": {"uv": [2, 0, 10, 8], "texture": "#2"},
				"down": {"uv": [2, 0, 10, 8], "texture": "#2"}
			}
		},
		{
			"from": [17.53256, 13.55101, 7],
			"to": [18.50099, 15.48788, 9],
			"rotation": {"angle": -22.5, "axis": "z", "origin": [14.94959, 18.00721, 4.06011]},
			"faces": {
				"north": {"uv": [3, 0, 10, 8], "rotation": 180, "texture": "#2"},
				"east": {"uv": [2, 0, 10, 8], "texture": "#2"},
				"south": {"uv": [3, 0, 10, 8], "rotation": 180, "texture": "#2"},
				"west": {"uv": [2, 0, 10, 8], "texture": "#2"},
				"up": {"uv": [2, 0, 10, 8], "texture": "#2"},
				"down": {"uv": [2, 0, 10, 8], "texture": "#2"}
			}
		},
		{
			"from": [4.69765, 15.17541, 7],
			"to": [5.66608, 16.14385, 9],
			"rotation": {"angle": 0, "axis": "y", "origin": [14.00344, 16.44196, 11.56548]},
			"faces": {
				"north": {"uv": [10, 0, 2, 8], "texture": "#2"},
				"east": {"uv": [2, 0, 10, 8], "texture": "#2"},
				"south": {"uv": [2, 0, 10, 8], "texture": "#2"},
				"west": {"uv": [2, 0, 10, 8], "texture": "#2"},
				"up": {"uv": [2, 0, 10, 8], "texture": "#2"},
				"down": {"uv": [2, 0, 10, 8], "texture": "#2"}
			}
		},
		{
			"from": [17.34027, 15.17541, 7],
			"to": [18.3087, 16.14385, 9],
			"rotation": {"angle": 0, "axis": "y", "origin": [9.21421, 16.44196, 11.56548]},
			"faces": {
				"north": {"uv": [10, 0, 2, 8], "rotation": 180, "texture": "#2"},
				"east": {"uv": [2, 0, 10, 8], "texture": "#2"},
				"south": {"uv": [2, 0, 10, 8], "rotation": 180, "texture": "#2"},
				"west": {"uv": [2, 0, 10, 8], "texture": "#2"},
				"up": {"uv": [2, 0, 10, 8], "texture": "#2"},
				"down": {"uv": [2, 0, 10, 8], "texture": "#2"}
			}
		},
		{
			"from": [11.01896, 8.85407, 7],
			"to": [11.98739, 9.82251, 9],
			"rotation": {"angle": 0, "axis": "z", "origin": [13.78781, 15.20494, 11.56548]},
			"faces": {
				"north": {"uv": [2, 0, 10, 8], "texture": "#2"},
				"east": {"uv": [2, 0, 10, 8], "texture": "#2"},
				"south": {"uv": [2, 0, 10, 8], "texture": "#2"},
				"west": {"uv": [2, 0, 10, 8], "texture": "#2"},
				"up": {"uv": [2, 0, 10, 8], "texture": "#2"},
				"down": {"uv": [2, 0, 10, 8], "texture": "#2"}
			}
		},
		{
			"from": [11.01896, 21.49672, 7],
			"to": [11.98739, 22.46516, 9],
			"rotation": {"angle": 0, "axis": "z", "origin": [13.78781, 9.47375, 11.56548]},
			"faces": {
				"north": {"uv": [10, 0, 2, 8], "rotation": 270, "texture": "#2"},
				"east": {"uv": [2, 0, 10, 8], "texture": "#2"},
				"south": {"uv": [2, 0, 10, 8], "rotation": 90, "texture": "#2"},
				"west": {"uv": [2, 0, 10, 8], "texture": "#2"},
				"up": {"uv": [2, 0, 10, 8], "texture": "#2"},
				"down": {"uv": [2, 0, 10, 8], "texture": "#2"}
			}
		},
		{
			"from": [5.66608, 14.6912, 7],
			"to": [6.63452, 16.62807, 9],
			"rotation": {"angle": 0, "axis": "y", "origin": [14.00344, 16.44196, 11.56548]},
			"faces": {
				"north": {"uv": [3, 0, 10, 8], "texture": "#2"},
				"east": {"uv": [2, 0, 10, 8], "texture": "#2"},
				"south": {"uv": [3, 0, 10, 8], "texture": "#2"},
				"west": {"uv": [2, 0, 10, 8], "texture": "#2"},
				"up": {"uv": [2, 0, 10, 8], "texture": "#2"},
				"down": {"uv": [2, 0, 10, 8], "texture": "#2"}
			}
		},
		{
			"from": [16.37183, 14.6912, 7],
			"to": [17.34027, 16.62807, 9],
			"rotation": {"angle": 0, "axis": "y", "origin": [9.21421, 16.44196, 11.56548]},
			"faces": {
				"north": {"uv": [3, 0, 10, 8], "rotation": 180, "texture": "#2"},
				"east": {"uv": [2, 0, 10, 8], "texture": "#2"},
				"south": {"uv": [3, 0, 10, 8], "rotation": 180, "texture": "#2"},
				"west": {"uv": [2, 0, 10, 8], "texture": "#2"},
				"up": {"uv": [2, 0, 10, 8], "texture": "#2"},
				"down": {"uv": [2, 0, 10, 8], "texture": "#2"}
			}
		},
		{
			"from": [10.53474, 9.82254, 7],
			"to": [12.47161, 10.79098, 9],
			"rotation": {"angle": 0, "axis": "z", "origin": [13.78781, 15.20494, 11.56548]},
			"faces": {
				"north": {"uv": [3, 0, 10, 8], "rotation": 90, "texture": "#2"},
				"east": {"uv": [2, 0, 10, 8], "texture": "#2"},
				"south": {"uv": [3, 0, 10, 8], "rotation": 270, "texture": "#2"},
				"west": {"uv": [2, 0, 10, 8], "texture": "#2"},
				"up": {"uv": [2, 0, 10, 8], "texture": "#2"},
				"down": {"uv": [2, 0, 10, 8], "texture": "#2"}
			}
		},
		{
			"from": [10.53474, 20.52829, 7],
			"to": [12.47161, 21.49672, 9],
			"rotation": {"angle": 0, "axis": "z", "origin": [13.78781, 9.47375, 11.56548]},
			"faces": {
				"north": {"uv": [3, 0, 10, 8], "rotation": 270, "texture": "#2"},
				"east": {"uv": [2, 0, 10, 8], "texture": "#2"},
				"south": {"uv": [3, 0, 10, 8], "rotation": 90, "texture": "#2"},
				"west": {"uv": [2, 0, 10, 8], "texture": "#2"},
				"up": {"uv": [2, 0, 10, 8], "texture": "#2"},
				"down": {"uv": [2, 0, 10, 8], "texture": "#2"}
			}
		},
		{
			"from": [2.99152, 11.14024, 7],
			"to": [3.95995, 12.10867, 9],
			"rotation": {"angle": 45, "axis": "z", "origin": [5.77922, 15.70153, 4.06011]},
			"faces": {
				"north": {"uv": [10, 0, 2, 8], "texture": "#2"},
				"east": {"uv": [2, 0, 10, 8], "texture": "#2"},
				"south": {"uv": [2, 0, 10, 8], "texture": "#2"},
				"west": {"uv": [2, 0, 10, 8], "texture": "#2"},
				"up": {"uv": [2, 0, 10, 8], "texture": "#2"},
				"down": {"uv": [2, 0, 10, 8], "texture": "#2"}
			}
		},
		{
			"from": [7.17944, 18.6761, 7],
			"to": [8.14787, 19.64453, 9],
			"rotation": {"angle": -45, "axis": "z", "origin": [8.51837, 20.40576, 4.06011]},
			"faces": {
				"north": {"uv": [10, 0, 2, 8], "texture": "#2"},
				"east": {"uv": [2, 0, 10, 8], "texture": "#2"},
				"south": {"uv": [2, 0, 10, 8], "texture": "#2"},
				"west": {"uv": [2, 0, 10, 8], "texture": "#2"},
				"up": {"uv": [2, 0, 10, 8], "texture": "#2"},
				"down": {"uv": [2, 0, 10, 8], "texture": "#2"}
			}
		},
		{
			"from": [14.92037, 18.82551, 7],
			"to": [15.8888, 19.79395, 9],
			"rotation": {"angle": 45, "axis": "z", "origin": [14.69928, 20.40576, 4.06011]},
			"faces": {
				"north": {"uv": [10, 0, 2, 8], "rotation": 180, "texture": "#2"},
				"east": {"uv": [2, 0, 10, 8], "texture": "#2"},
				"south": {"uv": [2, 0, 10, 8], "rotation": 180, "texture": "#2"},
				"west": {"uv": [2, 0, 10, 8], "texture": "#2"},
				"up": {"uv": [2, 0, 10, 8], "texture": "#2"},
				"down": {"uv": [2, 0, 10, 8], "texture": "#2"}
			}
		},
		{
			"from": [18.39917, 12.70279, 7],
			"to": [19.3676, 13.67123, 9],
			"rotation": {"angle": -45, "axis": "z", "origin": [15.01734, 15.70153, 4.06011]},
			"faces": {
				"north": {"uv": [10, 0, 2, 8], "rotation": 180, "texture": "#2"},
				"east": {"uv": [2, 0, 10, 8], "texture": "#2"},
				"south": {"uv": [2, 0, 10, 8], "rotation": 180, "texture": "#2"},
				"west": {"uv": [2, 0, 10, 8], "texture": "#2"},
				"up": {"uv": [2, 0, 10, 8], "texture": "#2"},
				"down": {"uv": [2, 0, 10, 8], "texture": "#2"}
			}
		},
		{
			"from": [8.14787, 18.19188, 7],
			"to": [9.11631, 20.12875, 9],
			"rotation": {"angle": -45, "axis": "z", "origin": [8.51837, 20.40576, 4.06011]},
			"faces": {
				"north": {"uv": [3, 0, 10, 8], "texture": "#2"},
				"east": {"uv": [2, 0, 10, 8], "texture": "#2"},
				"south": {"uv": [3, 0, 10, 8], "texture": "#2"},
				"west": {"uv": [2, 0, 10, 8], "texture": "#2"},
				"up": {"uv": [2, 0, 10, 8], "texture": "#2"},
				"down": {"uv": [2, 0, 10, 8], "texture": "#2"}
			}
		},
		{
			"from": [3.95995, 10.65602, 7],
			"to": [4.92839, 12.59289, 9],
			"rotation": {"angle": 45, "axis": "z", "origin": [5.77922, 15.70153, 4.06011]},
			"faces": {
				"north": {"uv": [3, 0, 10, 8], "texture": "#2"},
				"east": {"uv": [2, 0, 10, 8], "texture": "#2"},
				"south": {"uv": [3, 0, 10, 8], "texture": "#2"},
				"west": {"uv": [2, 0, 10, 8], "texture": "#2"},
				"up": {"uv": [2, 0, 10, 8], "texture": "#2"},
				"down": {"uv": [2, 0, 10, 8], "texture": "#2"}
			}
		},
		{
			"from": [10.43035, 9.68128, 7],
			"to": [11.39879, 10.64972, 9],
			"rotation": {"angle": -22.5, "axis": "z", "origin": [9.12962, 14.59365, 4.06011]},
			"faces": {
				"north": {"uv": [10, 0, 2, 8], "rotation": 90, "texture": "#2"},
				"east": {"uv": [2, 0, 10, 8], "texture": "#2"},
				"south": {"uv": [2, 0, 10, 8], "rotation": 270, "texture": "#2"},
				"west": {"uv": [2, 0, 10, 8], "texture": "#2"},
				"up": {"uv": [2, 0, 10, 8], "texture": "#2"},
				"down": {"uv": [2, 0, 10, 8], "texture": "#2"}
			}
		},
		{
			"from": [8.16386, 20.47279, 7],
			"to": [9.1323, 21.44122, 9],
			"rotation": {"angle": 22.5, "axis": "z", "origin": [7.6472, 22.35336, 4.06011]},
			"faces": {
				"north": {"uv": [10, 0, 2, 8], "rotation": 270, "texture": "#2"},
				"east": {"uv": [2, 0, 10, 8], "texture": "#2"},
				"south": {"uv": [2, 0, 10, 8], "rotation": 90, "texture": "#2"},
				"west": {"uv": [2, 0, 10, 8], "texture": "#2"},
				"up": {"uv": [2, 0, 10, 8], "texture": "#2"},
				"down": {"uv": [2, 0, 10, 8], "texture": "#2"}
			}
		},
		{
			"from": [13.89014, 20.39193, 7],
			"to": [14.85857, 21.36036, 9],
			"rotation": {"angle": -22.5, "axis": "z", "origin": [15.57045, 22.35336, 4.06011]},
			"faces": {
				"north": {"uv": [10, 0, 2, 8], "rotation": 270, "texture": "#2"},
				"east": {"uv": [2, 0, 10, 8], "texture": "#2"},
				"south": {"uv": [2, 0, 10, 8], "rotation": 90, "texture": "#2"},
				"west": {"uv": [2, 0, 10, 8], "texture": "#2"},
				"up": {"uv": [2, 0, 10, 8], "texture": "#2"},
				"down": {"uv": [2, 0, 10, 8], "texture": "#2"}
			}
		},
		{
			"from": [11.43936, 8.83563, 7],
			"to": [12.40779, 9.80407, 9],
			"rotation": {"angle": 22.5, "axis": "z", "origin": [11.66694, 14.59365, 4.06011]},
			"faces": {
				"north": {"uv": [10, 0, 2, 8], "rotation": 90, "texture": "#2"},
				"east": {"uv": [2, 0, 10, 8], "texture": "#2"},
				"south": {"uv": [2, 0, 10, 8], "rotation": 270, "texture": "#2"},
				"west": {"uv": [2, 0, 10, 8], "texture": "#2"},
				"up": {"uv": [2, 0, 10, 8], "texture": "#2"},
				"down": {"uv": [2, 0, 10, 8], "texture": "#2"}
			}
		},
		{
			"from": [9.94613, 10.64972, 7],
			"to": [11.883, 11.61815, 9],
			"rotation": {"angle": -22.5, "axis": "z", "origin": [9.12962, 14.59365, 4.06011]},
			"faces": {
				"north": {"uv": [3, 0, 10, 8], "rotation": 90, "texture": "#2"},
				"east": {"uv": [2, 0, 10, 8], "texture": "#2"},
				"south": {"uv": [3, 0, 10, 8], "rotation": 270, "texture": "#2"},
				"west": {"uv": [2, 0, 10, 8], "texture": "#2"},
				"up": {"uv": [2, 0, 10, 8], "texture": "#2"},
				"down": {"uv": [2, 0, 10, 8], "texture": "#2"}
			}
		},
		{
			"from": [7.67964, 19.5622, 7],
			"to": [9.61652, 20.53064, 9],
			"rotation": {"angle": 22.5, "axis": "z", "origin": [7.6472, 22.35336, 4.06011]},
			"faces": {
				"north": {"uv": [3, 0, 10, 8], "rotation": 270, "texture": "#2"},
				"east": {"uv": [2, 0, 10, 8], "texture": "#2"},
				"south": {"uv": [3, 0, 10, 8], "rotation": 90, "texture": "#2"},
				"west": {"uv": [2, 0, 10, 8], "texture": "#2"},
				"up": {"uv": [2, 0, 10, 8], "texture": "#2"},
				"down": {"uv": [2, 0, 10, 8], "texture": "#2"}
			}
		},
		{
			"from": [13.40592, 19.48134, 7],
			"to": [15.34279, 20.44978, 9],
			"rotation": {"angle": -22.5, "axis": "z", "origin": [15.57045, 22.35336, 4.06011]},
			"faces": {
				"north": {"uv": [3, 0, 10, 8], "rotation": 270, "texture": "#2"},
				"east": {"uv": [2, 0, 10, 8], "texture": "#2"},
				"south": {"uv": [3, 0, 10, 8], "rotation": 90, "texture": "#2"},
				"west": {"uv": [2, 0, 10, 8], "texture": "#2"},
				"up": {"uv": [2, 0, 10, 8], "texture": "#2"},
				"down": {"uv": [2, 0, 10, 8], "texture": "#2"}
			}
		},
		{
			"from": [10.95514, 9.80407, 7],
			"to": [12.89201, 10.7725, 9],
			"rotation": {"angle": 22.5, "axis": "z", "origin": [11.66694, 14.59365, 4.06011]},
			"faces": {
				"north": {"uv": [3, 0, 10, 8], "rotation": 90, "texture": "#2"},
				"east": {"uv": [2, 0, 10, 8], "texture": "#2"},
				"south": {"uv": [3, 0, 10, 8], "rotation": 270, "texture": "#2"},
				"west": {"uv": [2, 0, 10, 8], "texture": "#2"},
				"up": {"uv": [2, 0, 10, 8], "texture": "#2"},
				"down": {"uv": [2, 0, 10, 8], "texture": "#2"}
			}
		},
		{
			"from": [13.95193, 18.34129, 7],
			"to": [14.92037, 20.27817, 9],
			"rotation": {"angle": 45, "axis": "z", "origin": [14.69928, 20.40576, 4.06011]},
			"faces": {
				"north": {"uv": [3, 0, 10, 8], "rotation": 180, "texture": "#2"},
				"east": {"uv": [2, 0, 10, 8], "texture": "#2"},
				"south": {"uv": [3, 0, 10, 8], "rotation": 180, "texture": "#2"},
				"west": {"uv": [2, 0, 10, 8], "texture": "#2"},
				"up": {"uv": [2, 0, 10, 8], "texture": "#2"},
				"down": {"uv": [2, 0, 10, 8], "texture": "#2"}
			}
		},
		{
			"from": [17.43073, 12.21857, 7],
			"to": [18.39917, 14.15545, 9],
			"rotation": {"angle": -45, "axis": "z", "origin": [15.01734, 15.70153, 4.06011]},
			"faces": {
				"north": {"uv": [3, 0, 10, 8], "rotation": 180, "texture": "#2"},
				"east": {"uv": [2, 0, 10, 8], "texture": "#2"},
				"south": {"uv": [3, 0, 10, 8], "rotation": 180, "texture": "#2"},
				"west": {"uv": [2, 0, 10, 8], "texture": "#2"},
				"up": {"uv": [2, 0, 10, 8], "texture": "#2"},
				"down": {"uv": [2, 0, 10, 8], "texture": "#2"}
			}
		},
		{
			"from": [2.96142, 24.8368, 7],
			"to": [3.59142, 25.4668, 9],
			"rotation": {"angle": 22.5, "axis": "z", "origin": [9.22038, 17.13103, 5.0875]},
			"faces": {
				"north": {"uv": [10, 0, 2, 8], "texture": "#2"},
				"east": {"uv": [2, 0, 10, 8], "texture": "#2"},
				"south": {"uv": [2, 0, 10, 8], "texture": "#2"},
				"west": {"uv": [2, 0, 10, 8], "texture": "#2"},
				"up": {"uv": [2, 0, 10, 8], "texture": "#2"},
				"down": {"uv": [2, 0, 10, 8], "texture": "#2"}
			}
		},
		{
			"from": [-1.86804, 20.86947, 7],
			"to": [-1.23804, 21.49947, 9],
			"rotation": {"angle": -22.5, "axis": "z", "origin": [10.18474, 17.7377, 5.0875]},
			"faces": {
				"north": {"uv": [10, 0, 2, 8], "texture": "#2"},
				"east": {"uv": [2, 0, 10, 8], "texture": "#2"},
				"south": {"uv": [2, 0, 10, 8], "texture": "#2"},
				"west": {"uv": [2, 0, 10, 8], "texture": "#2"},
				"up": {"uv": [2, 0, 10, 8], "texture": "#2"},
				"down": {"uv": [2, 0, 10, 8], "texture": "#2"}
			}
		},
		{
			"from": [11.45094, 27.38274, 7],
			"to": [12.08094, 28.01274, 9],
			"rotation": {"angle": 22.5, "axis": "z", "origin": [15.75258, 17.7377, 5.0875]},
			"faces": {
				"north": {"uv": [10, 0, 2, 8], "rotation": 180, "texture": "#2"},
				"east": {"uv": [2, 0, 10, 8], "texture": "#2"},
				"south": {"uv": [2, 0, 10, 8], "rotation": 180, "texture": "#2"},
				"west": {"uv": [2, 0, 10, 8], "texture": "#2"},
				"up": {"uv": [2, 0, 10, 8], "texture": "#2"},
				"down": {"uv": [2, 0, 10, 8], "texture": "#2"}
			}
		},
		{
			"from": [6.50158, 18.92625, 7],
			"to": [7.13158, 19.55625, 9],
			"rotation": {"angle": -22.5, "axis": "z", "origin": [15.14194, 17.13103, 5.0875]},
			"faces": {
				"north": {"uv": [10, 0, 2, 8], "rotation": 180, "texture": "#2"},
				"east": {"uv": [2, 0, 10, 8], "texture": "#2"},
				"south": {"uv": [2, 0, 10, 8], "rotation": 180, "texture": "#2"},
				"west": {"uv": [2, 0, 10, 8], "texture": "#2"},
				"up": {"uv": [2, 0, 10, 8], "texture": "#2"},
				"down": {"uv": [2, 0, 10, 8], "texture": "#2"}
			}
		},
		{
			"from": [3.59142, 24.5218, 7],
			"to": [4.22142, 25.7818, 9],
			"rotation": {"angle": 22.5, "axis": "z", "origin": [9.22038, 17.13103, 5.0875]},
			"faces": {
				"north": {"uv": [3, 0, 10, 8], "texture": "#2"},
				"east": {"uv": [2, 0, 10, 8], "texture": "#2"},
				"south": {"uv": [3, 0, 10, 8], "texture": "#2"},
				"west": {"uv": [2, 0, 10, 8], "texture": "#2"},
				"up": {"uv": [2, 0, 10, 8], "texture": "#2"},
				"down": {"uv": [2, 0, 10, 8], "texture": "#2"}
			}
		},
		{
			"from": [-1.23804, 20.55447, 7],
			"to": [-0.60804, 21.81447, 9],
			"rotation": {"angle": -22.5, "axis": "z", "origin": [10.18474, 17.7377, 5.0875]},
			"faces": {
				"north": {"uv": [3, 0, 10, 8], "texture": "#2"},
				"east": {"uv": [2, 0, 10, 8], "texture": "#2"},
				"south": {"uv": [3, 0, 10, 8], "texture": "#2"},
				"west": {"uv": [2, 0, 10, 8], "texture": "#2"},
				"up": {"uv": [2, 0, 10, 8], "texture": "#2"},
				"down": {"uv": [2, 0, 10, 8], "texture": "#2"}
			}
		},
		{
			"from": [10.82094, 27.06774, 7],
			"to": [11.45094, 28.32774, 9],
			"rotation": {"angle": 22.5, "axis": "z", "origin": [15.75258, 17.7377, 5.0875]},
			"faces": {
				"north": {"uv": [3, 0, 10, 8], "rotation": 180, "texture": "#2"},
				"east": {"uv": [2, 0, 10, 8], "texture": "#2"},
				"south": {"uv": [3, 0, 10, 8], "rotation": 180, "texture": "#2"},
				"west": {"uv": [2, 0, 10, 8], "texture": "#2"},
				"up": {"uv": [2, 0, 10, 8], "texture": "#2"},
				"down": {"uv": [2, 0, 10, 8], "texture": "#2"}
			}
		},
		{
			"from": [5.87158, 18.61125, 7],
			"to": [6.50158, 19.87125, 9],
			"rotation": {"angle": -22.5, "axis": "z", "origin": [15.14194, 17.13103, 5.0875]},
			"faces": {
				"north": {"uv": [3, 0, 10, 8], "rotation": 180, "texture": "#2"},
				"east": {"uv": [2, 0, 10, 8], "texture": "#2"},
				"south": {"uv": [3, 0, 10, 8], "rotation": 180, "texture": "#2"},
				"west": {"uv": [2, 0, 10, 8], "texture": "#2"},
				"up": {"uv": [2, 0, 10, 8], "texture": "#2"},
				"down": {"uv": [2, 0, 10, 8], "texture": "#2"}
			}
		},
		{
			"from": [0.03144, 23.52528, 7],
			"to": [0.66144, 24.15528, 9],
			"rotation": {"angle": 0, "axis": "y", "origin": [14.52644, 16.11278, 9.97]},
			"faces": {
				"north": {"uv": [10, 0, 2, 8], "texture": "#2"},
				"east": {"uv": [2, 0, 10, 8], "texture": "#2"},
				"south": {"uv": [2, 0, 10, 8], "texture": "#2"},
				"west": {"uv": [2, 0, 10, 8], "texture": "#2"},
				"up": {"uv": [2, 0, 10, 8], "texture": "#2"},
				"down": {"uv": [2, 0, 10, 8], "texture": "#2"}
			}
		},
		{
			"from": [8.25589, 23.52528, 7],
			"to": [8.88589, 24.15528, 9],
			"rotation": {"angle": 0, "axis": "y", "origin": [11.41089, 16.11278, 9.97]},
			"faces": {
				"north": {"uv": [10, 0, 2, 8], "rotation": 180, "texture": "#2"},
				"east": {"uv": [2, 0, 10, 8], "texture": "#2"},
				"south": {"uv": [2, 0, 10, 8], "rotation": 180, "texture": "#2"},
				"west": {"uv": [2, 0, 10, 8], "texture": "#2"},
				"up": {"uv": [2, 0, 10, 8], "texture": "#2"},
				"down": {"uv": [2, 0, 10, 8], "texture": "#2"}
			}
		},
		{
			"from": [4.14366, 19.41303, 7],
			"to": [4.77366, 20.04303, 9],
			"rotation": {"angle": 0, "axis": "z", "origin": [14.38616, 15.30805, 9.97]},
			"faces": {
				"north": {"uv": [2, 0, 10, 8], "texture": "#2"},
				"east": {"uv": [2, 0, 10, 8], "texture": "#2"},
				"south": {"uv": [2, 0, 10, 8], "texture": "#2"},
				"west": {"uv": [2, 0, 10, 8], "texture": "#2"},
				"up": {"uv": [2, 0, 10, 8], "texture": "#2"},
				"down": {"uv": [2, 0, 10, 8], "texture": "#2"}
			}
		},
		{
			"from": [4.14366, 27.6375, 7],
			"to": [4.77366, 28.2675, 9],
			"rotation": {"angle": 0, "axis": "z", "origin": [14.38616, 11.57972, 9.97]},
			"faces": {
				"north": {"uv": [10, 0, 2, 8], "rotation": 270, "texture": "#2"},
				"east": {"uv": [2, 0, 10, 8], "texture": "#2"},
				"south": {"uv": [2, 0, 10, 8], "rotation": 90, "texture": "#2"},
				"west": {"uv": [2, 0, 10, 8], "texture": "#2"},
				"up": {"uv": [2, 0, 10, 8], "texture": "#2"},
				"down": {"uv": [2, 0, 10, 8], "texture": "#2"}
			}
		},
		{
			"from": [0.66144, 23.21028, 7],
			"to": [1.29144, 24.47028, 9],
			"rotation": {"angle": 0, "axis": "y", "origin": [14.52644, 16.11278, 9.97]},
			"faces": {
				"north": {"uv": [3, 0, 10, 8], "texture": "#2"},
				"east": {"uv": [2, 0, 10, 8], "texture": "#2"},
				"south": {"uv": [3, 0, 10, 8], "texture": "#2"},
				"west": {"uv": [2, 0, 10, 8], "texture": "#2"},
				"up": {"uv": [2, 0, 10, 8], "texture": "#2"},
				"down": {"uv": [2, 0, 10, 8], "texture": "#2"}
			}
		},
		{
			"from": [7.62589, 23.21028, 7],
			"to": [8.25589, 24.47028, 9],
			"rotation": {"angle": 0, "axis": "y", "origin": [11.41089, 16.11278, 9.97]},
			"faces": {
				"north": {"uv": [3, 0, 10, 8], "rotation": 180, "texture": "#2"},
				"east": {"uv": [2, 0, 10, 8], "texture": "#2"},
				"south": {"uv": [3, 0, 10, 8], "rotation": 180, "texture": "#2"},
				"west": {"uv": [2, 0, 10, 8], "texture": "#2"},
				"up": {"uv": [2, 0, 10, 8], "texture": "#2"},
				"down": {"uv": [2, 0, 10, 8], "texture": "#2"}
			}
		},
		{
			"from": [3.82866, 20.04305, 7],
			"to": [5.08866, 20.67305, 9],
			"rotation": {"angle": 0, "axis": "z", "origin": [14.38616, 15.30805, 9.97]},
			"faces": {
				"north": {"uv": [3, 0, 10, 8], "rotation": 90, "texture": "#2"},
				"east": {"uv": [2, 0, 10, 8], "texture": "#2"},
				"south": {"uv": [3, 0, 10, 8], "rotation": 270, "texture": "#2"},
				"west": {"uv": [2, 0, 10, 8], "texture": "#2"},
				"up": {"uv": [2, 0, 10, 8], "texture": "#2"},
				"down": {"uv": [2, 0, 10, 8], "texture": "#2"}
			}
		},
		{
			"from": [3.82866, 27.0075, 7],
			"to": [5.08866, 27.6375, 9],
			"rotation": {"angle": 0, "axis": "z", "origin": [14.38616, 11.57972, 9.97]},
			"faces": {
				"north": {"uv": [3, 0, 10, 8], "rotation": 270, "texture": "#2"},
				"east": {"uv": [2, 0, 10, 8], "texture": "#2"},
				"south": {"uv": [3, 0, 10, 8], "rotation": 90, "texture": "#2"},
				"west": {"uv": [2, 0, 10, 8], "texture": "#2"},
				"up": {"uv": [2, 0, 10, 8], "texture": "#2"},
				"down": {"uv": [2, 0, 10, 8], "texture": "#2"}
			}
		},
		{
			"from": [7.21797, 24.45674, 7],
			"to": [7.84797, 25.08674, 9],
			"rotation": {"angle": 45, "axis": "z", "origin": [9.17631, 15.6311, 5.0875]},
			"faces": {
				"north": {"uv": [10, 0, 2, 8], "texture": "#2"},
				"east": {"uv": [2, 0, 10, 8], "texture": "#2"},
				"south": {"uv": [2, 0, 10, 8], "texture": "#2"},
				"west": {"uv": [2, 0, 10, 8], "texture": "#2"},
				"up": {"uv": [2, 0, 10, 8], "texture": "#2"},
				"down": {"uv": [2, 0, 10, 8], "texture": "#2"}
			}
		},
		{
			"from": [-1.70572, 17.42131, 7],
			"to": [-1.07572, 18.05131, 9],
			"rotation": {"angle": -45, "axis": "z", "origin": [10.95822, 18.69136, 5.0875]},
			"faces": {
				"north": {"uv": [10, 0, 2, 8], "texture": "#2"},
				"east": {"uv": [2, 0, 10, 8], "texture": "#2"},
				"south": {"uv": [2, 0, 10, 8], "texture": "#2"},
				"west": {"uv": [2, 0, 10, 8], "texture": "#2"},
				"up": {"uv": [2, 0, 10, 8], "texture": "#2"},
				"down": {"uv": [2, 0, 10, 8], "texture": "#2"}
			}
		},
		{
			"from": [14.97809, 29.45627, 7],
			"to": [15.60809, 30.08627, 9],
			"rotation": {"angle": 45, "axis": "z", "origin": [14.97911, 18.69136, 5.0875]},
			"faces": {
				"north": {"uv": [10, 0, 2, 8], "rotation": 180, "texture": "#2"},
				"east": {"uv": [2, 0, 10, 8], "texture": "#2"},
				"south": {"uv": [2, 0, 10, 8], "rotation": 180, "texture": "#2"},
				"west": {"uv": [2, 0, 10, 8], "texture": "#2"},
				"up": {"uv": [2, 0, 10, 8], "texture": "#2"},
				"down": {"uv": [2, 0, 10, 8], "texture": "#2"}
			}
		},
		{
			"from": [5.59309, 13.53548, 7],
			"to": [6.22309, 14.16548, 9],
			"rotation": {"angle": -45, "axis": "z", "origin": [15.18602, 15.6311, 5.0875]},
			"faces": {
				"north": {"uv": [10, 0, 2, 8], "rotation": 180, "texture": "#2"},
				"east": {"uv": [2, 0, 10, 8], "texture": "#2"},
				"south": {"uv": [2, 0, 10, 8], "rotation": 180, "texture": "#2"},
				"west": {"uv": [2, 0, 10, 8], "texture": "#2"},
				"up": {"uv": [2, 0, 10, 8], "texture": "#2"},
				"down": {"uv": [2, 0, 10, 8], "texture": "#2"}
			}
		},
		{
			"from": [-1.07572, 17.10631, 7],
			"to": [-0.44572, 18.36631, 9],
			"rotation": {"angle": -45, "axis": "z", "origin": [10.95822, 18.69136, 5.0875]},
			"faces": {
				"north": {"uv": [3, 0, 10, 8], "texture": "#2"},
				"east": {"uv": [2, 0, 10, 8], "texture": "#2"},
				"south": {"uv": [3, 0, 10, 8], "texture": "#2"},
				"west": {"uv": [2, 0, 10, 8], "texture": "#2"},
				"up": {"uv": [2, 0, 10, 8], "texture": "#2"},
				"down": {"uv": [2, 0, 10, 8], "texture": "#2"}
			}
		},
		{
			"from": [7.84797, 24.14174, 7],
			"to": [8.47797, 25.40174, 9],
			"rotation": {"angle": 45, "axis": "z", "origin": [9.17631, 15.6311, 5.0875]},
			"faces": {
				"north": {"uv": [3, 0, 10, 8], "texture": "#2"},
				"east": {"uv": [2, 0, 10, 8], "texture": "#2"},
				"south": {"uv": [3, 0, 10, 8], "texture": "#2"},
				"west": {"uv": [2, 0, 10, 8], "texture": "#2"},
				"up": {"uv": [2, 0, 10, 8], "texture": "#2"},
				"down": {"uv": [2, 0, 10, 8], "texture": "#2"}
			}
		},
		{
			"from": [1.25136, 16.09386, 7],
			"to": [1.88136, 16.72386, 9],
			"rotation": {"angle": -22.5, "axis": "z", "origin": [11.35586, 14.91039, 5.0875]},
			"faces": {
				"north": {"uv": [10, 0, 2, 8], "rotation": 90, "texture": "#2"},
				"east": {"uv": [2, 0, 10, 8], "texture": "#2"},
				"south": {"uv": [2, 0, 10, 8], "rotation": 270, "texture": "#2"},
				"west": {"uv": [2, 0, 10, 8], "texture": "#2"},
				"up": {"uv": [2, 0, 10, 8], "texture": "#2"},
				"down": {"uv": [2, 0, 10, 8], "texture": "#2"}
			}
		},
		{
			"from": [6.08083, 29.57477, 7],
			"to": [6.71083, 30.20477, 9],
			"rotation": {"angle": 22.5, "axis": "z", "origin": [10.39149, 19.95834, 5.0875]},
			"faces": {
				"north": {"uv": [10, 0, 2, 8], "rotation": 270, "texture": "#2"},
				"east": {"uv": [2, 0, 10, 8], "texture": "#2"},
				"south": {"uv": [2, 0, 10, 8], "rotation": 90, "texture": "#2"},
				"west": {"uv": [2, 0, 10, 8], "texture": "#2"},
				"up": {"uv": [2, 0, 10, 8], "texture": "#2"},
				"down": {"uv": [2, 0, 10, 8], "texture": "#2"}
			}
		},
		{
			"from": [3.50207, 23.0615, 7],
			"to": [4.13207, 23.6915, 9],
			"rotation": {"angle": -22.5, "axis": "z", "origin": [15.54583, 19.95834, 5.0875]},
			"faces": {
				"north": {"uv": [10, 0, 2, 8], "rotation": 270, "texture": "#2"},
				"east": {"uv": [2, 0, 10, 8], "texture": "#2"},
				"south": {"uv": [2, 0, 10, 8], "rotation": 90, "texture": "#2"},
				"west": {"uv": [2, 0, 10, 8], "texture": "#2"},
				"up": {"uv": [2, 0, 10, 8], "texture": "#2"},
				"down": {"uv": [2, 0, 10, 8], "texture": "#2"}
			}
		},
		{
			"from": [8.21164, 22.00441, 7],
			"to": [8.84164, 22.63441, 9],
			"rotation": {"angle": 22.5, "axis": "z", "origin": [13.00647, 14.91039, 5.0875]},
			"faces": {
				"north": {"uv": [10, 0, 2, 8], "rotation": 90, "texture": "#2"},
				"east": {"uv": [2, 0, 10, 8], "texture": "#2"},
				"south": {"uv": [2, 0, 10, 8], "rotation": 270, "texture": "#2"},
				"west": {"uv": [2, 0, 10, 8], "texture": "#2"},
				"up": {"uv": [2, 0, 10, 8], "texture": "#2"},
				"down": {"uv": [2, 0, 10, 8], "texture": "#2"}
			}
		},
		{
			"from": [0.93636, 16.72386, 7],
			"to": [2.19636, 17.35386, 9],
			"rotation": {"angle": -22.5, "axis": "z", "origin": [11.35586, 14.91039, 5.0875]},
			"faces": {
				"north": {"uv": [3, 0, 10, 8], "rotation": 90, "texture": "#2"},
				"east": {"uv": [2, 0, 10, 8], "texture": "#2"},
				"south": {"uv": [3, 0, 10, 8], "rotation": 270, "texture": "#2"},
				"west": {"uv": [2, 0, 10, 8], "texture": "#2"},
				"up": {"uv": [2, 0, 10, 8], "texture": "#2"},
				"down": {"uv": [2, 0, 10, 8], "texture": "#2"}
			}
		},
		{
			"from": [5.76583, 28.9824, 7],
			"to": [7.02583, 29.6124, 9],
			"rotation": {"angle": 22.5, "axis": "z", "origin": [10.39149, 19.95834, 5.0875]},
			"faces": {
				"north": {"uv": [3, 0, 10, 8], "rotation": 270, "texture": "#2"},
				"east": {"uv": [2, 0, 10, 8], "texture": "#2"},
				"south": {"uv": [3, 0, 10, 8], "rotation": 90, "texture": "#2"},
				"west": {"uv": [2, 0, 10, 8], "texture": "#2"},
				"up": {"uv": [2, 0, 10, 8], "texture": "#2"},
				"down": {"uv": [2, 0, 10, 8], "texture": "#2"}
			}
		},
		{
			"from": [3.18707, 22.46913, 7],
			"to": [4.44707, 23.09913, 9],
			"rotation": {"angle": -22.5, "axis": "z", "origin": [15.54583, 19.95834, 5.0875]},
			"faces": {
				"north": {"uv": [3, 0, 10, 8], "rotation": 270, "texture": "#2"},
				"east": {"uv": [2, 0, 10, 8], "texture": "#2"},
				"south": {"uv": [3, 0, 10, 8], "rotation": 90, "texture": "#2"},
				"west": {"uv": [2, 0, 10, 8], "texture": "#2"},
				"up": {"uv": [2, 0, 10, 8], "texture": "#2"},
				"down": {"uv": [2, 0, 10, 8], "texture": "#2"}
			}
		},
		{
			"from": [7.89664, 22.63441, 7],
			"to": [9.15664, 23.26441, 9],
			"rotation": {"angle": 22.5, "axis": "z", "origin": [13.00647, 14.91039, 5.0875]},
			"faces": {
				"north": {"uv": [3, 0, 10, 8], "rotation": 90, "texture": "#2"},
				"east": {"uv": [2, 0, 10, 8], "texture": "#2"},
				"south": {"uv": [3, 0, 10, 8], "rotation": 270, "texture": "#2"},
				"west": {"uv": [2, 0, 10, 8], "texture": "#2"},
				"up": {"uv": [2, 0, 10, 8], "texture": "#2"},
				"down": {"uv": [2, 0, 10, 8], "texture": "#2"}
			}
		},
		{
			"from": [14.34809, 29.14127, 7],
			"to": [14.97809, 30.40127, 9],
			"rotation": {"angle": 45, "axis": "z", "origin": [14.97911, 18.69136, 5.0875]},
			"faces": {
				"north": {"uv": [3, 0, 10, 8], "rotation": 180, "texture": "#2"},
				"east": {"uv": [2, 0, 10, 8], "texture": "#2"},
				"south": {"uv": [3, 0, 10, 8], "rotation": 180, "texture": "#2"},
				"west": {"uv": [2, 0, 10, 8], "texture": "#2"},
				"up": {"uv": [2, 0, 10, 8], "texture": "#2"},
				"down": {"uv": [2, 0, 10, 8], "texture": "#2"}
			}
		},
		{
			"from": [4.96309, 13.22048, 7],
			"to": [5.59309, 14.48048, 9],
			"rotation": {"angle": -45, "axis": "z", "origin": [15.18602, 15.6311, 5.0875]},
			"faces": {
				"north": {"uv": [3, 0, 10, 8], "rotation": 180, "texture": "#2"},
				"east": {"uv": [2, 0, 10, 8], "texture": "#2"},
				"south": {"uv": [3, 0, 10, 8], "rotation": 180, "texture": "#2"},
				"west": {"uv": [2, 0, 10, 8], "texture": "#2"},
				"up": {"uv": [2, 0, 10, 8], "texture": "#2"},
				"down": {"uv": [2, 0, 10, 8], "texture": "#2"}
			}
		}
	],
	"display": {
		"head": {
			"translation": [0, 50, 0],
			"scale": [4, 4, 4]
		}
	},
	"groups": [0,
		{
			"name": "group",
			"origin": [15.5, 15.5, 15.5],
			"children": [1, 2, 3, 4, 5, 6, 7, 8, 9, 10, 11, 12, 13, 14, 15, 16, 17, 18, 19, 20, 21, 22, 23, 24, 25, 26, 27, 28, 29, 30, 31, 32, 33]
		},
		{
			"name": "group",
			"origin": [15.5, 15.5, 15.5],
			"children": [34, 35, 36, 37, 38, 39, 40, 41, 42, 43, 44, 45, 46, 47, 48, 49, 50, 51, 52, 53, 54, 55, 56, 57, 58, 59, 60, 61, 62, 63, 64, 65]
		},
		{
			"name": "group",
			"origin": [15.5, 15.5, 15.5],
			"children": [66, 67, 68, 69, 70, 71, 72, 73, 74, 75, 76, 77, 78, 79, 80, 81, 82, 83, 84, 85, 86, 87, 88, 89, 90, 91, 92, 93, 94, 95, 96, 97]
		}
	]
}