{
	"credit": "Made with Blockbench",
	"textures": {
		"0": "item/staff/wood",
		"particle": "item/staff/wood"
	},
	"elements": [
		{
			"from": [7.625, -15, 7.625],
			"to": [8.375, -5, 8.375],
			"rotation": {"angle": 0, "axis": "y", "origin": [8.125, 8, 8.125]},
			"faces": {
				"north": {"uv": [0, 0, 16, 4], "rotation": 90, "texture": "#0"},
				"east": {"uv": [0, 0, 16, 4], "rotation": 90, "texture": "#0"},
				"south": {"uv": [0, 0, 16, 4], "rotation": 90, "texture": "#0"},
				"west": {"uv": [0, 0, 16, 4], "rotation": 90, "texture": "#0"},
				"up": {"uv": [0, 0, 16, 16], "rotation": 90, "texture": "#0"},
				"down": {"uv": [0, 0, 16, 16], "rotation": 90, "texture": "#0"}
			}
		},
		{
			"from": [7.75, -5, 7.75],
			"to": [8.25, 0, 8.25],
			"rotation": {"angle": 0, "axis": "y", "origin": [8.25, 8, 8.25]},
			"faces": {
				"north": {"uv": [0, 0, 16, 4], "rotation": 90, "texture": "#0"},
				"east": {"uv": [0, 0, 16, 4], "rotation": 90, "texture": "#0"},
				"south": {"uv": [0, 0, 16, 4], "rotation": 90, "texture": "#0"},
				"west": {"uv": [0, 0, 16, 4], "rotation": 90, "texture": "#0"},
				"up": {"uv": [0, 0, 16, 16], "rotation": 90, "texture": "#0"},
				"down": {"uv": [0, 0, 16, 16], "rotation": 90, "texture": "#0"}
			}
		},
		{
			"from": [7.875, 0, 7.875],
			"to": [8.125, 3, 8.125],
			"rotation": {"angle": 0, "axis": "y", "origin": [8.375, 8, 8.375]},
			"faces": {
				"north": {"uv": [0, 0, 16, 4], "rotation": 90, "texture": "#0"},
				"east": {"uv": [0, 0, 16, 4], "rotation": 90, "texture": "#0"},
				"south": {"uv": [0, 0, 16, 4], "rotation": 90, "texture": "#0"},
				"west": {"uv": [0, 0, 16, 4], "rotation": 90, "texture": "#0"},
				"up": {"uv": [0, 0, 16, 16], "rotation": 90, "texture": "#0"},
				"down": {"uv": [0, 0, 16, 16], "rotation": 90, "texture": "#0"}
			}
		},
		{
			"from": [7.25, -15.25, 7.25],
			"to": [8.75, -15, 8.75],
			"rotation": {"angle": 0, "axis": "y", "origin": [9.03846, 31.5, 7.9616]},
			"faces": {
				"north": {"uv": [0, 0, 16, 16], "rotation": 90, "texture": "#0"},
				"east": {"uv": [0, 0, 16, 16], "rotation": 90, "texture": "#0"},
				"south": {"uv": [0, 0, 16, 16], "rotation": 90, "texture": "#0"},
				"west": {"uv": [0, 0, 16, 16], "rotation": 90, "texture": "#0"},
				"up": {"uv": [0, 0, 16, 16], "rotation": 90, "texture": "#0"},
				"down": {"uv": [0, 0, 16, 16], "rotation": 90, "texture": "#0"}
			}
		},
		{
			"from": [7.25, -10.25, 7.25],
			"to": [8.75, -10, 8.75],
			"rotation": {"angle": 0, "axis": "y", "origin": [9.03846, 31.5, 7.9616]},
			"faces": {
				"north": {"uv": [0, 0, 16, 16], "rotation": 90, "texture": "#0"},
				"east": {"uv": [0, 0, 16, 16], "rotation": 90, "texture": "#0"},
				"south": {"uv": [0, 0, 16, 16], "rotation": 90, "texture": "#0"},
				"west": {"uv": [0, 0, 16, 16], "rotation": 90, "texture": "#0"},
				"up": {"uv": [0, 0, 16, 16], "rotation": 90, "texture": "#0"},
				"down": {"uv": [0, 0, 16, 16], "rotation": 90, "texture": "#0"}
			}
		}
	],
	"gui_light": "front",
	"display": {
		"thirdperson_righthand": {
			"rotation": [0, 90, 0],
			"translation": [0, 18.5, 0]
		},
		"thirdperson_lefthand": {
			"rotation": [0, 90, 0],
			"translation": [0, 18.5, 0]
		},
		"firstperson_righthand": {
			"rotation": [0, 90, 0],
			"translation": [0, 18.5, 0]
		},
		"firstperson_lefthand": {
			"rotation": [0, 90, 0],
			"translation": [0, 18.5, 0]
		},
		"ground": {
			"translation": [0, 20, 0]
		},
		"gui": {
			"rotation": [0, -180, 45],
			"translation": [10.25, 10.25, 0]
		},
		"fixed": {
			"translation": [0, 64, 17],
			"scale": [2, 2, 2]
		}
	},
	"groups": [
		{
			"name": "Hilt",
			"origin": [15.5, 15.5, 15.5],
			"children": [0, 1, 2, 3, 4]
		}
	]
}