{
	"credit": "Made with Blockbench",
	"textures": {
		"0": "item/sword/theseus_sword",
		"1": "item/sword/star_moon_sword_effect_a",
		"2": "item/sword/theseus_sheld",
		"particle": "item/sword/theseus_sword"
	},
	"elements": [
		{
			"from": [7.625, -6, 7.625],
			"to": [8.375, -1, 8.375],
			"rotation": {"angle": 0, "axis": "y", "origin": [8.125, 15.41665, 8.125]},
			"faces": {
				"north": {"uv": [15, 0, 16, 5], "texture": "#0"},
				"east": {"uv": [15, 0, 16, 5], "texture": "#0"},
				"south": {"uv": [15, 0, 16, 5], "texture": "#0"},
				"west": {"uv": [15, 0, 16, 5], "texture": "#0"},
				"up": {"uv": [15, 0, 16, 1], "texture": "#0"},
				"down": {"uv": [15, 0, 16, 1], "texture": "#0"}
			}
		},
		{
			"from": [7.5, -8, 7.5],
			"to": [8.5, -6, 8.5],
			"rotation": {"angle": 0, "axis": "y", "origin": [8.28846, 38.91665, 8.2116]},
			"faces": {
				"north": {"uv": [6, 14.5, 7.5, 16], "rotation": 90, "texture": "#0"},
				"east": {"uv": [6, 14.5, 7.5, 16], "rotation": 90, "texture": "#0"},
				"south": {"uv": [6, 14.5, 7.5, 16], "rotation": 90, "texture": "#0"},
				"west": {"uv": [6, 14.5, 7.5, 16], "rotation": 90, "texture": "#0"},
				"up": {"uv": [4, 12, 5.5, 13.5], "texture": "#0"},
				"down": {"uv": [4, 12, 5, 12.5], "texture": "#0"}
			}
		},
		{
			"from": [7.25, 2, 7.9],
			"to": [8.75, 22, 8.1],
			"rotation": {"angle": 0, "axis": "y", "origin": [15.52797, 22.91665, 15.47208]},
			"faces": {
				"north": {"uv": [0, 0, 1.5, 3.5], "texture": "#0"},
				"east": {"uv": [0, 0, 0.2, 3.5], "texture": "#0"},
				"south": {"uv": [0, 0, 2, 16], "texture": "#0"},
				"west": {"uv": [0, 0, 0.2, 3.5], "texture": "#0"},
				"up": {"uv": [0, 0, 2.875, 0.325], "texture": "#0"},
				"down": {"uv": [0, 0, 2.813, 0.325], "texture": "#0"}
			}
		},
		{
			"from": [7.5, 22, 7.9],
			"to": [8.5, 23.5, 8.1],
			"rotation": {"angle": 0, "axis": "y", "origin": [15.50699, 22.91665, 15.49302]},
			"faces": {
				"north": {"uv": [0, 0, 1, 1.5], "texture": "#0"},
				"east": {"uv": [0, 0, 0.2, 1.5], "texture": "#0"},
				"south": {"uv": [0, 0, 2, 16], "texture": "#0"},
				"west": {"uv": [0, 0, 0.2, 1.5], "texture": "#0"},
				"up": {"uv": [0, 0, 2.875, 0.325], "texture": "#0"},
				"down": {"uv": [0, 0, 2.813, 0.325], "texture": "#0"}
			}
		},
		{
			"from": [7.75, 23.5, 7.9],
			"to": [8.25, 24, 8.1],
			"rotation": {"angle": 0, "axis": "y", "origin": [15.50699, 22.91665, 15.49302]},
			"faces": {
				"north": {"uv": [0, 0, 1, 1.5], "texture": "#0"},
				"east": {"uv": [0, 0, 0.2, 1.5], "texture": "#0"},
				"south": {"uv": [0, 0, 2, 16], "texture": "#0"},
				"west": {"uv": [0, 0, 0.2, 1.5], "texture": "#0"},
				"up": {"uv": [0, 0, 2.875, 0.325], "texture": "#0"},
				"down": {"uv": [0, 0, 2.813, 0.325], "texture": "#0"}
			}
		},
		{
			"from": [4, -1, 7.5],
			"to": [12, 0, 8.5],
			"rotation": {"angle": 0, "axis": "y", "origin": [15.52797, 22.91665, 15.47207]},
			"faces": {
				"north": {"uv": [3, 0, 10.5, 16], "rotation": 90, "texture": "#0"},
				"east": {"uv": [3, 0, 10.5, 16], "rotation": 90, "texture": "#0"},
				"south": {"uv": [3, 0, 10.5, 16], "rotation": 270, "texture": "#0"},
				"west": {"uv": [3, 0, 10.5, 16], "rotation": 90, "texture": "#0"},
				"up": {"uv": [4, 0, 5, 16], "rotation": 270, "texture": "#0"},
				"down": {"uv": [4, 0, 5, 16], "rotation": 270, "texture": "#0"}
			}
		},
		{
			"from": [7.75, 0, 7.6],
			"to": [8.25, 4, 8.4],
			"rotation": {"angle": 0, "axis": "y", "origin": [15.52797, 22.91665, 15.07207]},
			"faces": {
				"north": {"uv": [4, 0, 5, 16], "rotation": 90, "texture": "#0"},
				"east": {"uv": [4, 15, 5, 16], "texture": "#0"},
				"south": {"uv": [4, 0, 5, 16], "rotation": 270, "texture": "#0"},
				"west": {"uv": [4, 0, 5, 1], "texture": "#0"},
				"up": {"uv": [4, 0, 5, 16], "rotation": 270, "texture": "#0"},
				"down": {"uv": [4, 0, 5, 16], "rotation": 270, "texture": "#0"}
			}
		},
		{
			"from": [10, 0, 7.75],
			"to": [10.5, 0.75, 8.25],
			"rotation": {"angle": 0, "axis": "y", "origin": [15.52797, 22.91665, 15.22207]},
			"faces": {
				"north": {"uv": [15, 14.125, 16, 16], "rotation": 90, "texture": "#0"},
				"east": {"uv": [15, 15, 16, 16], "texture": "#0"},
				"south": {"uv": [15, 5.625, 16, 16], "rotation": 270, "texture": "#0"},
				"west": {"uv": [15, 15, 16, 16], "texture": "#0"},
				"up": {"uv": [15, 5.75, 16, 16], "rotation": 270, "texture": "#0"},
				"down": {"uv": [15, 5.688, 16, 16], "rotation": 270, "texture": "#0"}
			}
		},
		{
			"from": [5.5, 0, 7.75],
			"to": [6, 0.75, 8.25],
			"rotation": {"angle": 0, "axis": "y", "origin": [0.47203, 22.91665, 15.22207]},
			"faces": {
				"north": {"uv": [15, 16, 16, 14.125], "rotation": 90, "texture": "#0"},
				"east": {"uv": [16, 15, 15, 16], "texture": "#0"},
				"south": {"uv": [15, 16, 16, 5.625], "rotation": 270, "texture": "#0"},
				"west": {"uv": [16, 15, 15, 16], "texture": "#0"},
				"up": {"uv": [15, 16, 16, 5.75], "rotation": 270, "texture": "#0"},
				"down": {"uv": [15, 16, 16, 5.688], "rotation": 270, "texture": "#0"}
			}
		},
		{
			"from": [9.5, 0.75, 7.75],
			"to": [10, 1.25, 8.25],
			"rotation": {"angle": 0, "axis": "y", "origin": [15.52797, 22.91665, 15.22207]},
			"faces": {
				"north": {"uv": [15, 14.125, 16, 16], "rotation": 90, "texture": "#0"},
				"east": {"uv": [15, 15, 16, 16], "texture": "#0"},
				"south": {"uv": [15, 5.625, 16, 16], "rotation": 270, "texture": "#0"},
				"west": {"uv": [15, 15, 16, 16], "texture": "#0"},
				"up": {"uv": [15, 5.75, 16, 16], "rotation": 270, "texture": "#0"},
				"down": {"uv": [15, 5.688, 16, 16], "rotation": 270, "texture": "#0"}
			}
		},
		{
			"from": [6, 0.75, 7.75],
			"to": [6.5, 1.25, 8.25],
			"rotation": {"angle": 0, "axis": "y", "origin": [0.47203, 22.91665, 15.22207]},
			"faces": {
				"north": {"uv": [15, 16, 16, 14.125], "rotation": 90, "texture": "#0"},
				"east": {"uv": [16, 15, 15, 16], "texture": "#0"},
				"south": {"uv": [15, 16, 16, 5.625], "rotation": 270, "texture": "#0"},
				"west": {"uv": [16, 15, 15, 16], "texture": "#0"},
				"up": {"uv": [15, 16, 16, 5.75], "rotation": 270, "texture": "#0"},
				"down": {"uv": [15, 16, 16, 5.688], "rotation": 270, "texture": "#0"}
			}
		},
		{
			"from": [9, 1.25, 7.75],
			"to": [9.5, 1.75, 8.25],
			"rotation": {"angle": 0, "axis": "y", "origin": [15.52797, 22.91665, 15.22207]},
			"faces": {
				"north": {"uv": [15, 14.125, 16, 16], "rotation": 90, "texture": "#0"},
				"east": {"uv": [15, 15, 16, 16], "texture": "#0"},
				"south": {"uv": [15, 5.625, 16, 16], "rotation": 270, "texture": "#0"},
				"west": {"uv": [15, 15, 16, 16], "texture": "#0"},
				"up": {"uv": [15, 5.75, 16, 16], "rotation": 270, "texture": "#0"},
				"down": {"uv": [15, 5.688, 16, 16], "rotation": 270, "texture": "#0"}
			}
		},
		{
			"from": [6.5, 1.25, 7.75],
			"to": [7, 1.75, 8.25],
			"rotation": {"angle": 0, "axis": "y", "origin": [0.47203, 22.91665, 15.22207]},
			"faces": {
				"north": {"uv": [15, 16, 16, 14.125], "rotation": 90, "texture": "#0"},
				"east": {"uv": [16, 15, 15, 16], "texture": "#0"},
				"south": {"uv": [15, 16, 16, 5.625], "rotation": 270, "texture": "#0"},
				"west": {"uv": [16, 15, 15, 16], "texture": "#0"},
				"up": {"uv": [15, 16, 16, 5.75], "rotation": 270, "texture": "#0"},
				"down": {"uv": [15, 16, 16, 5.688], "rotation": 270, "texture": "#0"}
			}
		},
		{
			"from": [7, 1.75, 7.75],
			"to": [9, 2.25, 8.25],
			"rotation": {"angle": 0, "axis": "y", "origin": [15.52797, 22.91665, 15.22207]},
			"faces": {
				"north": {"uv": [15, 14.125, 16, 16], "rotation": 90, "texture": "#0"},
				"east": {"uv": [15, 15, 16, 16], "texture": "#0"},
				"south": {"uv": [15, 5.625, 16, 16], "rotation": 270, "texture": "#0"},
				"west": {"uv": [15, 15, 16, 16], "texture": "#0"},
				"up": {"uv": [15, 5.75, 16, 16], "rotation": 270, "texture": "#0"},
				"down": {"uv": [15, 5.688, 16, 16], "rotation": 270, "texture": "#0"}
			}
		},
		{
			"from": [11, 0, 7.5],
			"to": [11.75, 0.5, 8.5],
			"rotation": {"angle": 0, "axis": "y", "origin": [15.52797, 22.91665, 15.47207]},
			"faces": {
				"north": {"uv": [4, 0, 5, 16], "rotation": 90, "texture": "#0"},
				"east": {"uv": [4, 15, 5, 16], "texture": "#0"},
				"south": {"uv": [4, 0, 5, 16], "rotation": 270, "texture": "#0"},
				"west": {"uv": [4, 0, 5, 1], "texture": "#0"},
				"up": {"uv": [4, 0, 5, 16], "rotation": 270, "texture": "#0"},
				"down": {"uv": [4, 0, 5, 16], "rotation": 270, "texture": "#0"}
			}
		},
		{
			"from": [4.25, 0, 7.5],
			"to": [5, 0.5, 8.5],
			"rotation": {"angle": 0, "axis": "y", "origin": [15.52797, 22.91665, 15.47207]},
			"faces": {
				"north": {"uv": [4, 0, 5, 16], "rotation": 90, "texture": "#0"},
				"east": {"uv": [4, 15, 5, 16], "texture": "#0"},
				"south": {"uv": [4, 0, 5, 16], "rotation": 270, "texture": "#0"},
				"west": {"uv": [4, 0, 5, 1], "texture": "#0"},
				"up": {"uv": [4, 0, 5, 16], "rotation": 270, "texture": "#0"},
				"down": {"uv": [4, 0, 5, 16], "rotation": 270, "texture": "#0"}
			}
		},
		{
			"from": [11, -1.5, 7.5],
			"to": [11.75, -1, 8.5],
			"rotation": {"angle": 0, "axis": "y", "origin": [15.52797, 22.91665, 15.47207]},
			"faces": {
				"north": {"uv": [4, 0, 5, 16], "rotation": 90, "texture": "#0"},
				"east": {"uv": [4, 15, 5, 16], "texture": "#0"},
				"south": {"uv": [4, 0, 5, 16], "rotation": 270, "texture": "#0"},
				"west": {"uv": [4, 0, 5, 1], "texture": "#0"},
				"up": {"uv": [4, 0, 5, 16], "rotation": 270, "texture": "#0"},
				"down": {"uv": [4, 0, 5, 16], "rotation": 270, "texture": "#0"}
			}
		},
		{
			"from": [4.25, -1.5, 7.5],
			"to": [5, -1, 8.5],
			"rotation": {"angle": 0, "axis": "y", "origin": [15.52797, 22.91665, 15.47207]},
			"faces": {
				"north": {"uv": [4, 0, 5, 16], "rotation": 90, "texture": "#0"},
				"east": {"uv": [4, 15, 5, 16], "texture": "#0"},
				"south": {"uv": [4, 0, 5, 16], "rotation": 270, "texture": "#0"},
				"west": {"uv": [4, 0, 5, 1], "texture": "#0"},
				"up": {"uv": [4, 0, 5, 16], "rotation": 270, "texture": "#0"},
				"down": {"uv": [4, 0, 5, 16], "rotation": 270, "texture": "#0"}
			}
		},
		{
			"from": [6.75, 1.75, 7.95],
			"to": [9.25, 23, 8.05],
			"rotation": {"angle": 0, "axis": "y", "origin": [16.02797, 22.91665, 15.52208]},
			"faces": {
				"north": {"uv": [1.5, 2.5, 14.5, 13.5], "texture": "#1"},
				"east": {"uv": [0, 0, 0.2, 3.5], "texture": "#1"},
				"south": {"uv": [1.5, 2.5, 14.5, 13.5], "texture": "#1"},
				"west": {"uv": [0, 0, 0.2, 3.5], "texture": "#1"},
				"up": {"uv": [0, 0, 2.875, 0.325], "texture": "#1"},
				"down": {"uv": [0, 0, 2.813, 0.325], "texture": "#1"}
			}
		},
		{
			"from": [7, 23, 7.95],
			"to": [9, 25.5, 8.05],
			"rotation": {"angle": 0, "axis": "y", "origin": [16.00699, 22.91665, 15.54302]},
			"faces": {
				"north": {"uv": [1.5, 2.5, 14.5, 13.5], "texture": "#1"},
				"east": {"uv": [0, 0, 0.2, 1.5], "texture": "#1"},
				"south": {"uv": [1.5, 2.5, 14.5, 13.5], "texture": "#1"},
				"west": {"uv": [0, 0, 0.2, 1.5], "texture": "#1"},
				"up": {"uv": [0, 0, 2.875, 0.325], "texture": "#1"},
				"down": {"uv": [0, 0, 2.813, 0.325], "texture": "#1"}
			}
		},
		{
			"from": [7.25, 25.5, 7.95],
			"to": [8.75, 27, 8.05],
			"rotation": {"angle": 0, "axis": "y", "origin": [16.00699, 22.91665, 15.54302]},
			"faces": {
				"north": {"uv": [1.5, 2.5, 14.5, 13.5], "texture": "#1"},
				"east": {"uv": [0, 0, 0.2, 1.5], "texture": "#1"},
				"south": {"uv": [1.5, 2.5, 14.5, 13.5], "texture": "#1"},
				"west": {"uv": [0, 0, 0.2, 1.5], "texture": "#1"},
				"up": {"uv": [0, 0, 2.875, 0.325], "texture": "#1"},
				"down": {"uv": [0, 0, 2.813, 0.325], "texture": "#1"}
			}
		},
		{
			"from": [7.5, 27, 7.95],
			"to": [8.5, 28.5, 8.05],
			"rotation": {"angle": 0, "axis": "y", "origin": [16.25699, 22.91665, 15.54302]},
			"faces": {
				"north": {"uv": [1.5, 2.5, 14.5, 13.5], "texture": "#1"},
				"east": {"uv": [0, 0, 0.2, 1.5], "texture": "#1"},
				"south": {"uv": [1.5, 2.5, 14.5, 13.5], "texture": "#1"},
				"west": {"uv": [0, 0, 0.2, 1.5], "texture": "#1"},
				"up": {"uv": [0, 0, 2.875, 0.325], "texture": "#1"},
				"down": {"uv": [0, 0, 2.813, 0.325], "texture": "#1"}
			}
		},
		{
			"from": [7.75, -0.75, 8.5],
			"to": [8.25, -0.25, 10.5],
			"rotation": {"angle": 0, "axis": "y", "origin": [15.27797, 22.91665, 0.52793]},
			"faces": {
				"north": {"uv": [4, 5, 4.5, 4.5], "rotation": 180, "texture": "#2"},
				"east": {"uv": [3.938, 6.563, 4.438, 5.063], "rotation": 90, "texture": "#2"},
				"south": {"uv": [3.875, 6, 4.375, 5.5], "rotation": 90, "texture": "#2"},
				"west": {"uv": [3.938, 6.5, 4.438, 5], "rotation": 90, "texture": "#2"},
				"up": {"uv": [5, 5.5, 3.5, 6], "rotation": 270, "texture": "#2"},
				"down": {"uv": [4.938, 5.5, 3.438, 6], "rotation": 270, "texture": "#2"}
			}
		},
		{
			"from": [4, 2, 10.5],
			"to": [12, 3, 11],
			"rotation": {"angle": 0, "axis": "y", "origin": [14.52797, 22.91665, 0.52793]},
			"faces": {
				"north": {"uv": [8.5, 1.25, 16, 0], "rotation": 180, "texture": "#2"},
				"east": {"uv": [0, 16, 0.688, 0], "rotation": 90, "texture": "#2"},
				"south": {"uv": [0, 1.25, 8.4, 0], "rotation": 180, "texture": "#2"},
				"west": {"uv": [0, 16, 0.75, 0], "rotation": 90, "texture": "#2"},
				"up": {"uv": [8.313, 0, 0, 0.813], "rotation": 270, "texture": "#2"},
				"down": {"uv": [8.313, 15.125, 0, 16], "rotation": 270, "texture": "#2"}
			}
		},
		{
			"from": [3.5, -4, 10.5],
			"to": [12.5, 2, 11],
			"rotation": {"angle": 0, "axis": "y", "origin": [15.02797, 22.91665, 0.52793]},
			"faces": {
				"north": {"uv": [8.5, 13.75, 16, 1.938], "texture": "#2"},
				"east": {"uv": [0, 16, 0.688, 0], "rotation": 90, "texture": "#2"},
				"south": {"uv": [0, 9, 8.4, 1], "rotation": 180, "texture": "#2"},
				"west": {"uv": [0, 16, 0.75, 0], "rotation": 90, "texture": "#2"},
				"up": {"uv": [8.313, 0, 0, 0.813], "rotation": 270, "texture": "#2"},
				"down": {"uv": [8.313, 15.125, 0, 16], "rotation": 270, "texture": "#2"}
			}
		},
		{
			"from": [4, -5, 10.5],
			"to": [12, -4, 11],
			"rotation": {"angle": 0, "axis": "y", "origin": [14.52797, 22.91665, 0.52793]},
			"faces": {
				"north": {"uv": [8.5, 14.563, 16, 2.25], "texture": "#2"},
				"east": {"uv": [0, 16, 0.688, 0], "rotation": 90, "texture": "#2"},
				"south": {"uv": [0, 10.5, 8.4, 9.25], "rotation": 180, "texture": "#2"},
				"west": {"uv": [0, 16, 0.75, 0], "rotation": 90, "texture": "#2"},
				"up": {"uv": [8.313, 0, 0, 0.813], "rotation": 270, "texture": "#2"},
				"down": {"uv": [8.313, 15.125, 0, 16], "rotation": 270, "texture": "#2"}
			}
		},
		{
			"from": [4.5, -6, 10.5],
			"to": [11.5, -5, 11],
			"rotation": {"angle": 0, "axis": "y", "origin": [14.02797, 22.91665, 0.52793]},
			"faces": {
				"north": {"uv": [8.5, 14.313, 16, 1.875], "texture": "#2"},
				"east": {"uv": [0, 16, 0.688, 0], "rotation": 90, "texture": "#2"},
				"south": {"uv": [0, 13.125, 8.4, 11.875], "rotation": 180, "texture": "#2"},
				"west": {"uv": [0, 16, 0.75, 0], "rotation": 90, "texture": "#2"},
				"up": {"uv": [8.313, 0, 0, 0.813], "rotation": 270, "texture": "#2"},
				"down": {"uv": [8.313, 15.125, 0, 16], "rotation": 270, "texture": "#2"}
			}
		},
		{
			"from": [5, -7, 10.5],
			"to": [11, -6, 11],
			"rotation": {"angle": 0, "axis": "y", "origin": [13.52797, 22.91665, 0.52793]},
			"faces": {
				"north": {"uv": [8.5, 14.625, 16, 2.5], "texture": "#2"},
				"east": {"uv": [0, 16, 0.688, 0], "rotation": 90, "texture": "#2"},
				"south": {"uv": [0, 14.813, 8.4, 13.563], "rotation": 180, "texture": "#2"},
				"west": {"uv": [0, 16, 0.75, 0], "rotation": 90, "texture": "#2"},
				"up": {"uv": [8.313, 0, 0, 0.813], "rotation": 270, "texture": "#2"},
				"down": {"uv": [8.313, 15.125, 0, 16], "rotation": 270, "texture": "#2"}
			}
		},
		{
			"from": [5.5, -8, 10.5],
			"to": [10.5, -7, 11],
			"rotation": {"angle": 0, "axis": "y", "origin": [13.02797, 22.91665, 0.52793]},
			"faces": {
				"north": {"uv": [8.5, 16, 16, 14.75], "rotation": 180, "texture": "#2"},
				"east": {"uv": [0, 16, 0.688, 0], "rotation": 90, "texture": "#2"},
				"south": {"uv": [0, 16, 8.4, 14.75], "rotation": 180, "texture": "#2"},
				"west": {"uv": [0, 16, 0.75, 0], "rotation": 90, "texture": "#2"},
				"up": {"uv": [8.313, 0, 0, 0.813], "rotation": 270, "texture": "#2"},
				"down": {"uv": [8.313, 15.125, 0, 16], "rotation": 270, "texture": "#2"}
			}
		},
		{
			"from": [3, 3, 10.69],
			"to": [13, 4, 10.79],
			"rotation": {"angle": 0, "axis": "y", "origin": [14.52797, 22.91665, 0.52793]},
			"faces": {
				"north": {"uv": [8.5, 1.25, 16, 0], "rotation": 180, "texture": "#1"},
				"east": {"uv": [0, 16, 0.688, 0], "rotation": 90, "texture": "#1"},
				"south": {"uv": [0, 1.25, 8.4, 0], "rotation": 180, "texture": "#1"},
				"west": {"uv": [0, 16, 0.75, 0], "rotation": 90, "texture": "#1"},
				"up": {"uv": [8.313, 0, 0, 0.813], "rotation": 270, "texture": "#1"},
				"down": {"uv": [8.313, 15.125, 0, 16], "rotation": 270, "texture": "#1"}
			}
		},
		{
			"from": [2.5, -5, 10.69],
			"to": [13.5, 3, 10.79],
			"rotation": {"angle": 0, "axis": "y", "origin": [15.02797, 22.91665, 0.52793]},
			"faces": {
				"north": {"uv": [8.5, 13.75, 16, 1.938], "texture": "#1"},
				"east": {"uv": [0, 16, 0.688, 0], "rotation": 90, "texture": "#1"},
				"south": {"uv": [0, 9, 8.4, 1], "rotation": 180, "texture": "#1"},
				"west": {"uv": [0, 16, 0.75, 0], "rotation": 90, "texture": "#1"},
				"up": {"uv": [8.313, 0, 0, 0.813], "rotation": 270, "texture": "#1"},
				"down": {"uv": [8.313, 15.125, 0, 16], "rotation": 270, "texture": "#1"}
			}
		},
		{
			"from": [3, -6, 10.69],
			"to": [13, -5, 10.79],
			"rotation": {"angle": 0, "axis": "y", "origin": [14.52797, 22.91665, 0.52793]},
			"faces": {
				"north": {"uv": [8.5, 14.563, 16, 2.25], "texture": "#1"},
				"east": {"uv": [0, 16, 0.688, 0], "rotation": 90, "texture": "#1"},
				"south": {"uv": [0, 10.5, 8.4, 9.25], "rotation": 180, "texture": "#1"},
				"west": {"uv": [0, 16, 0.75, 0], "rotation": 90, "texture": "#1"},
				"up": {"uv": [8.313, 0, 0, 0.813], "rotation": 270, "texture": "#1"},
				"down": {"uv": [8.313, 15.125, 0, 16], "rotation": 270, "texture": "#1"}
			}
		},
		{
			"from": [3.5, -7, 10.69],
			"to": [12.5, -6, 10.79],
			"rotation": {"angle": 0, "axis": "y", "origin": [14.02797, 22.91665, 0.52793]},
			"faces": {
				"north": {"uv": [8.5, 14.313, 16, 1.875], "texture": "#1"},
				"east": {"uv": [0, 16, 0.688, 0], "rotation": 90, "texture": "#1"},
				"south": {"uv": [0, 13.125, 8.4, 11.875], "rotation": 180, "texture": "#1"},
				"west": {"uv": [0, 16, 0.75, 0], "rotation": 90, "texture": "#1"},
				"up": {"uv": [8.313, 0, 0, 0.813], "rotation": 270, "texture": "#1"},
				"down": {"uv": [8.313, 15.125, 0, 16], "rotation": 270, "texture": "#1"}
			}
		},
		{
			"from": [4, -8, 10.69],
			"to": [12, -7, 10.79],
			"rotation": {"angle": 0, "axis": "y", "origin": [13.52797, 22.91665, 0.52793]},
			"faces": {
				"north": {"uv": [8.5, 14.625, 16, 2.5], "texture": "#1"},
				"east": {"uv": [0, 16, 0.688, 0], "rotation": 90, "texture": "#1"},
				"south": {"uv": [0, 14.813, 8.4, 13.563], "rotation": 180, "texture": "#1"},
				"west": {"uv": [0, 16, 0.75, 0], "rotation": 90, "texture": "#1"},
				"up": {"uv": [8.313, 0, 0, 0.813], "rotation": 270, "texture": "#1"},
				"down": {"uv": [8.313, 15.125, 0, 16], "rotation": 270, "texture": "#1"}
			}
		},
		{
			"from": [4.5, -9, 10.69],
			"to": [11.5, -8, 10.79],
			"rotation": {"angle": 0, "axis": "y", "origin": [13.02797, 22.91665, 0.52793]},
			"faces": {
				"north": {"uv": [8.5, 16, 16, 14.75], "rotation": 180, "texture": "#1"},
				"east": {"uv": [0, 16, 0.688, 0], "rotation": 90, "texture": "#1"},
				"south": {"uv": [0, 16, 8.4, 14.75], "rotation": 180, "texture": "#1"},
				"west": {"uv": [0, 16, 0.75, 0], "rotation": 90, "texture": "#1"},
				"up": {"uv": [8.313, 0, 0, 0.813], "rotation": 270, "texture": "#1"},
				"down": {"uv": [8.313, 15.125, 0, 16], "rotation": 270, "texture": "#1"}
			}
		}
	],
	"gui_light": "front",
	"display": {
		"thirdperson_righthand": {
			"rotation": [0, 90, 0],
			"translation": [0, 9.5, 0]
		},
		"thirdperson_lefthand": {
			"rotation": [0, 90, 0],
			"translation": [0, 9.5, 0]
		},
		"firstperson_righthand": {
			"rotation": [0, 90, 0],
			"translation": [0, 9.5, 0]
		},
		"firstperson_lefthand": {
			"rotation": [0, 90, 0],
			"translation": [0, 9.5, 0]
		},
		"ground": {
			"rotation": [-180, 0, 0],
			"translation": [0, 12, 0]
		},
		"gui": {
			"rotation": [-180, 0, -135],
			"scale": [0.65, 0.65, 1]
		},
		"fixed": {
			"rotation": [-180, 0, 0],
			"translation": [0, 48.5, 17],
			"scale": [2, 2, 2]
		}
	},
	"groups": [
		{
			"name": "Hilt",
			"origin": [15.5, 15.5, 15.5],
			"children": [0, 1]
		},
		{
			"name": "Blade",
			"origin": [15.5, 15.5, 15.5],
			"children": [2, 3, 4]
		},
		{
			"name": "group",
			"origin": [8, 8, 8],
			"children": [5, 6, 7, 8, 9, 10, 11, 12, 13, 14, 15, 16, 17]
		},
		{
			"name": "Blade",
			"origin": [15.5, 15.5, 15.5],
			"children": [18, 19, 20, 21]
		},
		{
			"name": "group",
			"origin": [8, 8, 8],
			"children": [22, 23, 24, 25, 26, 27, 28]
		},
		{
			"name": "group",
			"origin": [8, 8, 8],
			"children": [29, 30, 31, 32, 33, 34]
		}
	]
}