{
	"credit": "Made with Blockbench",
	"texture_size": [64, 64],
	"textures": {
		"0": "item/boss/boss_02/douglas"
	},
	"elements": [
		{
			"name": "Left Arm",
			"from": [6, -15, 6],
			"to": [10, -11, 18],
			"rotation": {"angle": 0, "axis": "x", "origin": [2, 17, 8]},
			"faces": {
				"north": {"uv": [11, 12, 10, 13], "rotation": 180, "texture": "#0"},
				"east": {"uv": [8, 13, 9, 16], "rotation": 270, "texture": "#0"},
				"south": {"uv": [10, 13, 9, 12], "texture": "#0"},
				"west": {"uv": [10, 13, 11, 16], "rotation": 90, "texture": "#0"},
				"up": {"uv": [9, 13, 10, 16], "rotation": 180, "texture": "#0"},
				"down": {"uv": [11, 13, 12, 16], "texture": "#0"}
			}
		},
		{
			"name": "Left Arm Layer",
			"from": [6, -15.25, 6],
			"to": [10.5, -10.75, 18.5],
			"rotation": {"angle": 0, "axis": "x", "origin": [2, 17, 8]},
			"faces": {
				"north": {"uv": [15, 12, 14, 13], "rotation": 180, "texture": "#0"},
				"east": {"uv": [12, 13, 13, 16], "rotation": 270, "texture": "#0"},
				"south": {"uv": [14, 13, 13, 12], "texture": "#0"},
				"west": {"uv": [14, 13, 15, 16], "rotation": 90, "texture": "#0"},
				"up": {"uv": [13, 13, 14, 16], "rotation": 180, "texture": "#0"},
				"down": {"uv": [15, 13, 16, 16], "texture": "#0"}
			}
		}
	],
	"display": {
		"thirdperson_righthand": {
			"translation": [0, 19, 2]
		},
		"thirdperson_lefthand": {
			"translation": [0, 19, 2]
		},
		"head": {
			"translation": [0, -30.5, 0],
			"scale": [1.6, 1.6, 1.6]
		}
	},
	"groups": [
		{
			"name": "LeftArm",
			"origin": [-5, 22, 0],
			"children": [0, 1]
		}
	]
}