{
	"credit": "Made with Blockbench",
	"textures": {
		"0": "item/boss/boss_02/douglas",
		"1": "item/boss/boss_02/douglas_animation",
		"particle": "item/boss/boss_02/douglas"
	},
	"elements": [
		{
			"name": "HD",
			"from": [6, 11, 6],
			"to": [10, 15, 10],
			"rotation": {"angle": 0, "axis": "x", "origin": [9, 1, 9]},
			"faces": {
				"north": {"uv": [6, 2, 8, 4], "texture": "#0"},
				"east": {"uv": [4, 2, 6, 4], "texture": "#0"},
				"south": {"uv": [2, 2, 4, 4], "texture": "#0"},
				"west": {"uv": [0, 2, 2, 4], "texture": "#0"},
				"up": {"uv": [2, 2, 4, 0], "texture": "#0"},
				"down": {"uv": [4, 2, 6, 0], "texture": "#0"}
			}
		},
		{
			"name": "HD2",
			"from": [5.75, 11, 5.75],
			"to": [10.25, 15.5, 10.25],
			"rotation": {"angle": 0, "axis": "x", "origin": [9.05, 6.05001, 9.05]},
			"faces": {
				"north": {"uv": [14, 2, 16, 4], "texture": "#0"},
				"east": {"uv": [12, 2, 14, 4], "texture": "#0"},
				"south": {"uv": [10, 2, 12, 4], "texture": "#0"},
				"west": {"uv": [8, 2, 10, 4], "texture": "#0"},
				"up": {"uv": [10, 0, 12, 2], "texture": "#0"},
				"down": {"uv": [12, 2, 14, 0], "texture": "#0"}
			}
		},
		{
			"name": "BD2",
			"from": [5.875, 4.875, 6.875],
			"to": [10.125, 11.125, 9.125],
			"rotation": {"angle": 0, "axis": "y", "origin": [-14.975, -3.975, -15.475]},
			"faces": {
				"north": {"uv": [8, 9, 10, 12], "texture": "#0"},
				"east": {"uv": [7, 9, 8, 12], "texture": "#0"},
				"south": {"uv": [5, 9, 7, 12], "texture": "#0"},
				"west": {"uv": [4, 9, 5, 12], "texture": "#0"},
				"up": {"uv": [5, 8, 7, 9], "texture": "#0"},
				"down": {"uv": [7, 8, 9, 9], "texture": "#0"}
			}
		},
		{
			"name": "BD",
			"from": [6, 5, 7],
			"to": [10, 11, 9],
			"rotation": {"angle": 0, "axis": "y", "origin": [-15, -4, -15.5]},
			"faces": {
				"north": {"uv": [8, 5, 10, 8], "texture": "#0"},
				"east": {"uv": [7, 5, 8, 8], "texture": "#0"},
				"south": {"uv": [5, 5, 7, 8], "texture": "#0"},
				"west": {"uv": [4, 5, 5, 8], "texture": "#0"},
				"up": {"uv": [5, 4, 7, 5], "texture": "#0"},
				"down": {"uv": [7, 4, 9, 5], "texture": "#0"}
			}
		},
		{
			"name": "LL",
			"from": [8, -1, 7],
			"to": [10, 5, 9],
			"rotation": {"angle": 0, "axis": "x", "origin": [9, 4.5, 8]},
			"faces": {
				"north": {"uv": [3.5, 6.5, 4, 8], "texture": "#1"},
				"east": {"uv": [3, 6.5, 3.5, 8], "texture": "#1"},
				"south": {"uv": [2.5, 6.5, 3, 8], "texture": "#1"},
				"west": {"uv": [2, 6.5, 2.5, 8], "texture": "#1"},
				"up": {"uv": [2.5, 6, 3, 6.5], "texture": "#1"},
				"down": {"uv": [3, 6, 3.5, 6.5], "texture": "#1"}
			}
		},
		{
			"name": "LL2",
			"from": [7.875, -1.125, 6.875],
			"to": [10.125, 5.125, 9.125],
			"rotation": {"angle": 0, "axis": "x", "origin": [9, 4.5, 8]},
			"faces": {
				"north": {"uv": [1.5, 6.5, 2, 8], "texture": "#1"},
				"east": {"uv": [1, 6.5, 1.5, 8], "texture": "#1"},
				"south": {"uv": [0.5, 6.5, 1, 8], "texture": "#1"},
				"west": {"uv": [0, 6.5, 0.5, 8], "texture": "#1"},
				"up": {"uv": [0.5, 6, 1, 6.5], "texture": "#1"},
				"down": {"uv": [1, 6, 1.5, 6.5], "texture": "#1"}
			}
		},
		{
			"name": "RL2",
			"from": [5.875, -1.125, 6.875],
			"to": [8.125, 5.125, 9.125],
			"rotation": {"angle": 0, "axis": "x", "origin": [7, 4.5, 8]},
			"faces": {
				"north": {"uv": [1.5, 4.5, 2, 6], "texture": "#1"},
				"east": {"uv": [1, 4.5, 1.5, 6], "texture": "#1"},
				"south": {"uv": [0.5, 4.5, 1, 6], "texture": "#1"},
				"west": {"uv": [0, 4.5, 0.5, 6], "texture": "#1"},
				"up": {"uv": [0.5, 4, 1, 4.5], "texture": "#1"},
				"down": {"uv": [1, 4, 1.5, 4.5], "texture": "#1"}
			}
		},
		{
			"name": "RL",
			"from": [6, -1, 7],
			"to": [8, 5, 9],
			"rotation": {"angle": 0, "axis": "x", "origin": [7, 4.5, 8]},
			"faces": {
				"north": {"uv": [1.5, 2.5, 2, 4], "texture": "#1"},
				"east": {"uv": [1, 2.5, 1.5, 4], "texture": "#1"},
				"south": {"uv": [0.5, 2.5, 1, 4], "texture": "#1"},
				"west": {"uv": [0, 2.5, 0.5, 4], "texture": "#1"},
				"up": {"uv": [0.5, 2, 1, 2.5], "texture": "#1"},
				"down": {"uv": [1, 2, 1.5, 2.5], "texture": "#1"}
			}
		},
		{
			"name": "RL3",
			"from": [5.875, -1.125, 6.875],
			"to": [8.125, 5.125, 9.125],
			"rotation": {"angle": -22.5, "axis": "x", "origin": [7, 4.5, 8]},
			"faces": {
				"north": {"uv": [1.5, 12.5, 2, 14], "texture": "#1"},
				"east": {"uv": [1, 12.5, 1.5, 14], "texture": "#1"},
				"south": {"uv": [1, 12.5, 1.5, 14], "texture": "#1"},
				"west": {"uv": [0, 12.5, 0.5, 14], "texture": "#1"},
				"up": {"uv": [0.625, 12, 1.125, 12.5], "texture": "#1"},
				"down": {"uv": [1, 12, 1.5, 12.5], "texture": "#1"}
			}
		},
		{
			"name": "RL",
			"from": [6, -1, 7],
			"to": [8, 5, 9],
			"rotation": {"angle": -22.5, "axis": "x", "origin": [7, 4.5, 8]},
			"faces": {
				"north": {"uv": [1.5, 10.5, 2, 12], "texture": "#1"},
				"east": {"uv": [1, 10.5, 1.5, 12], "texture": "#1"},
				"south": {"uv": [0.5, 10.5, 1, 12], "texture": "#1"},
				"west": {"uv": [0, 10.5, 0.5, 12], "texture": "#1"},
				"up": {"uv": [0.5, 10, 1, 10.5], "texture": "#1"},
				"down": {"uv": [1, 10, 1.5, 10.5], "texture": "#1"}
			}
		},
		{
			"name": "RL4",
			"from": [5.875, -1.125, 6.875],
			"to": [8.125, 5.125, 9.125],
			"rotation": {"angle": 22.5, "axis": "x", "origin": [7, 4.5, 8]},
			"faces": {
				"north": {"uv": [9.5, 4.5, 10, 6], "texture": "#1"},
				"east": {"uv": [9, 4.5, 9.5, 6], "texture": "#1"},
				"south": {"uv": [8.5, 4.5, 9, 6], "texture": "#1"},
				"west": {"uv": [8, 4.5, 8.5, 6], "texture": "#1"},
				"up": {"uv": [8.5, 4, 9, 4.5], "texture": "#1"},
				"down": {"uv": [9, 4, 9.5, 4.5], "texture": "#1"}
			}
		},
		{
			"name": "RL",
			"from": [6, -1, 7],
			"to": [8, 5, 9],
			"rotation": {"angle": 22.5, "axis": "x", "origin": [7, 4.5, 8]},
			"faces": {
				"north": {"uv": [9.5, 2.5, 10, 4], "texture": "#1"},
				"east": {"uv": [9, 2.5, 9.5, 4], "texture": "#1"},
				"south": {"uv": [8.5, 2.5, 9, 4], "texture": "#1"},
				"west": {"uv": [8, 2.5, 8.5, 4], "texture": "#1"},
				"up": {"uv": [9, 2, 9.5, 2.5], "texture": "#1"},
				"down": {"uv": [9, 2, 9.5, 2.5], "texture": "#1"}
			}
		},
		{
			"name": "LL",
			"from": [8, -1, 7],
			"to": [10, 5, 9],
			"rotation": {"angle": 22.5, "axis": "x", "origin": [9, 4.5, 8]},
			"faces": {
				"north": {"uv": [3.5, 14.5, 4, 16], "texture": "#1"},
				"east": {"uv": [3, 14.5, 3.5, 16], "texture": "#1"},
				"south": {"uv": [2.5, 14.5, 3, 16], "texture": "#1"},
				"west": {"uv": [2, 14.5, 2.5, 16], "texture": "#1"},
				"up": {"uv": [2.5, 14, 3, 14.5], "texture": "#1"},
				"down": {"uv": [3, 14, 3.5, 14.5], "texture": "#1"}
			}
		},
		{
			"name": "LL3",
			"from": [7.875, -1.125, 6.875],
			"to": [10.125, 5.125, 9.125],
			"rotation": {"angle": 22.5, "axis": "x", "origin": [9, 4.5, 8]},
			"faces": {
				"north": {"uv": [1.5, 14.5, 2, 16], "texture": "#1"},
				"east": {"uv": [1, 14.5, 1.5, 16], "texture": "#1"},
				"south": {"uv": [0.5, 14.5, 1, 16], "texture": "#1"},
				"west": {"uv": [0, 14.5, 0.5, 16], "texture": "#1"},
				"up": {"uv": [0.5, 14, 1, 14.5], "texture": "#1"},
				"down": {"uv": [1, 14, 1.5, 14.5], "texture": "#1"}
			}
		},
		{
			"name": "LL",
			"from": [8, -1, 7],
			"to": [10, 5, 9],
			"rotation": {"angle": -22.5, "axis": "x", "origin": [9, 4.5, 8]},
			"faces": {
				"north": {"uv": [11.5, 6.5, 12, 8], "texture": "#1"},
				"east": {"uv": [11, 6.5, 11.5, 8], "texture": "#1"},
				"south": {"uv": [10.5, 6.5, 11, 8], "texture": "#1"},
				"west": {"uv": [10, 6.5, 10.5, 8], "texture": "#1"},
				"up": {"uv": [10.5, 6, 11, 6.5], "texture": "#1"},
				"down": {"uv": [11, 6, 11.5, 6.5], "texture": "#1"}
			}
		},
		{
			"name": "LL4",
			"from": [7.875, -1.125, 6.875],
			"to": [10.125, 5.125, 9.125],
			"rotation": {"angle": -22.5, "axis": "x", "origin": [9, 4.5, 8]},
			"faces": {
				"north": {"uv": [9.5, 6.5, 10, 8], "texture": "#1"},
				"east": {"uv": [9, 6.5, 9.5, 8], "texture": "#1"},
				"south": {"uv": [8.5, 6.5, 9, 8], "texture": "#1"},
				"west": {"uv": [8, 6.5, 8.5, 8], "texture": "#1"},
				"up": {"uv": [8.5, 6, 9, 6.5], "texture": "#1"},
				"down": {"uv": [9, 6, 9.5, 6.5], "texture": "#1"}
			}
		}
	],
	"display": {
		"head": {
			"rotation": [0, 180, 0],
			"translation": [0, -16, 0],
			"scale": [3.2, 3.2, 3.2]
		}
	},
	"groups": [
		{
			"name": "group",
			"origin": [8, 24, 8],
			"children": [0, 1]
		},
		{
			"name": "group",
			"origin": [-16, 0, -16],
			"children": [2, 3]
		},
		{
			"name": "group",
			"origin": [-16, 0, -16],
			"children": [4, 5]
		},
		{
			"name": "group",
			"origin": [-16, 0, -16],
			"children": [6, 7]
		},
		{
			"name": "ALR1",
			"origin": [-16, 0, -16],
			"children": [8, 9]
		},
		{
			"name": "ALR2",
			"origin": [-16, 0, -16],
			"children": [10, 11]
		},
		{
			"name": "ALL1",
			"origin": [-16, 0, -16],
			"children": [12, 13]
		},
		{
			"name": "ALL2",
			"origin": [-16, 0, -16],
			"children": [14, 15]
		}
	]
}