{
	"credit": "Made with Blockbench",
	"textures": {
		"layer0": "item/effect/lance_2"
	},
	"elements": [
		{
			"from": [-8, 8, -8],
			"to": [24, 8, 24],
			"faces": {
				"north": {"uv": [0, 0, 16, 0], "texture": "#layer0"},
				"east": {"uv": [0, 0, 16, 0], "texture": "#layer0"},
				"south": {"uv": [0, 0, 16, 0], "texture": "#layer0"},
				"west": {"uv": [0, 0, 16, 0], "texture": "#layer0"},
				"up": {"uv": [16, 16, 0, 0], "rotation": 180, "texture": "#layer0"},
				"down": {"uv": [0, 0, 16, 0.5], "rotation": 180, "texture": "#layer0"}
			}
		}
	],
	"display": {
		"thirdperson_righthand": {
			"rotation": [0, 90, -125],
			"translation": [0, 1, 0],
			"scale": [0.2, 0.2, 0.2]
		},
		"thirdperson_lefthand": {
			"rotation": [-180, 90, -45],
			"translation": [0, 1, 0],
			"scale": [0.2, 0.2, 0.2]
		},
		"firstperson_righthand": {
			"rotation": [-180, 0, 0],
			"translation": [0, 2, 0],
			"scale": [0.5, 0.5, 0.5]
		},
		"firstperson_lefthand": {
			"rotation": [0, 0, -180],
			"translation": [0, 2, 0],
			"scale": [0.5, 0.5, 0.5]
		},
		"head": {
			"rotation": [20, 0, -10],
			"translation": [0, -32, 0],
			"scale": [3, 1, 4]
		}
	}
}