{
	"credit": "Made with Blockbench",
	"textures": {
		"layer0": "item/effect/lance_1"
	},
	"elements": [
		{
			"from": [-4, 8, -16],
			"to": [20, 8, 32],
			"rotation": {"angle": 22.5, "axis": "x", "origin": [8, 8, -14.5]},
			"faces": {
				"north": {"uv": [0, 0, 16, 0], "texture": "#layer0"},
				"east": {"uv": [0, 0, 16, 0], "texture": "#layer0"},
				"south": {"uv": [0, 0, 16, 0], "texture": "#layer0"},
				"west": {"uv": [0, 0, 16, 0], "texture": "#layer0"},
				"up": {"uv": [12.875, 16, 2.875, 0], "rotation": 180, "texture": "#layer0"},
				"down": {"uv": [0, 0, 16, 0.5], "texture": "#layer0"}
			}
		},
		{
			"from": [8, -4, -16],
			"to": [8, 20, 32],
			"rotation": {"angle": 22.5, "axis": "y", "origin": [8, 8, -14.5]},
			"faces": {
				"north": {"uv": [0, 0, 16, 0], "rotation": 90, "texture": "#layer0"},
				"east": {"uv": [0, 0, 16, 0.5], "rotation": 270, "texture": "#layer0"},
				"south": {"uv": [0, 0, 16, 0], "rotation": 270, "texture": "#layer0"},
				"west": {"uv": [12.875, 16, 2.875, 0], "rotation": 90, "texture": "#layer0"},
				"up": {"uv": [0, 0, 16, 0], "rotation": 270, "texture": "#layer0"},
				"down": {"uv": [0, 0, 16, 0], "rotation": 270, "texture": "#layer0"}
			}
		},
		{
			"from": [-4, 8, -16],
			"to": [20, 8, 32],
			"rotation": {"angle": -22.5, "axis": "x", "origin": [8, 8, -14.5]},
			"faces": {
				"north": {"uv": [0, 0, 16, 0], "texture": "#layer0"},
				"east": {"uv": [0, 0, 16, 0], "texture": "#layer0"},
				"south": {"uv": [0, 0, 16, 0], "texture": "#layer0"},
				"west": {"uv": [0, 0, 16, 0], "texture": "#layer0"},
				"up": {"uv": [12.875, 16, 2.875, 0], "rotation": 180, "texture": "#layer0"},
				"down": {"uv": [0, 0, 16, 0.5], "texture": "#layer0"}
			}
		},
		{
			"from": [8, -4, -16],
			"to": [8, 20, 32],
			"rotation": {"angle": -22.5, "axis": "y", "origin": [8, 8, -14.5]},
			"faces": {
				"north": {"uv": [0, 0, 16, 0], "rotation": 90, "texture": "#layer0"},
				"east": {"uv": [0, 0, 16, 0.5], "rotation": 270, "texture": "#layer0"},
				"south": {"uv": [0, 0, 16, 0], "rotation": 270, "texture": "#layer0"},
				"west": {"uv": [12.875, 16, 2.875, 0], "rotation": 90, "texture": "#layer0"},
				"up": {"uv": [0, 0, 16, 0], "rotation": 270, "texture": "#layer0"},
				"down": {"uv": [0, 0, 16, 0], "rotation": 270, "texture": "#layer0"}
			}
		}
	],
	"display": {
		"thirdperson_righthand": {
			"rotation": [0, 90, -125],
			"translation": [0, 1, 0],
			"scale": [0.2, 0.2, 0.2]
		},
		"thirdperson_lefthand": {
			"rotation": [-180, 90, -45],
			"translation": [0, 1, 0],
			"scale": [0.2, 0.2, 0.2]
		},
		"firstperson_righthand": {
			"rotation": [-180, 0, 0],
			"translation": [0, 2, 0],
			"scale": [0.5, 0.5, 0.5]
		},
		"firstperson_lefthand": {
			"rotation": [0, 0, -180],
			"translation": [0, 2, 0],
			"scale": [0.5, 0.5, 0.5]
		},
		"head": {
			"rotation": [0, 0, 45],
			"translation": [0, -17.75, -26.25],
			"scale": [1, 1, 4]
		}
	}
}