{
	"credit": "Made with Blockbench",
	"textures": {
		"layer0": "item/effect/lance_4e"
	},
	"elements": [
		{
			"from": [32, 0, 0],
			"to": [32, 16, 16],
			"rotation": {"angle": -22.5, "axis": "y", "origin": [8, 8, 8]},
			"faces": {
				"north": {"uv": [0, 0, 16, 0], "rotation": 270, "texture": "#layer0"},
				"east": {"uv": [0, 16, 16, 0], "rotation": 90, "texture": "#layer0"},
				"south": {"uv": [0, 0, 16, 0], "rotation": 90, "texture": "#layer0"},
				"west": {"uv": [0, 0, 16, 0.5], "rotation": 90, "texture": "#layer0"},
				"up": {"uv": [0, 0, 16, 0], "rotation": 90, "texture": "#layer0"},
				"down": {"uv": [0, 0, 16, 0], "rotation": 90, "texture": "#layer0"}
			}
		},
		{
			"from": [32, 0, 0],
			"to": [32, 16, 16],
			"rotation": {"angle": 22.5, "axis": "y", "origin": [8, 8, 8]},
			"faces": {
				"north": {"uv": [0, 0, 16, 0], "rotation": 270, "texture": "#layer0"},
				"east": {"uv": [0, 16, 16, 0], "rotation": 90, "texture": "#layer0"},
				"south": {"uv": [0, 0, 16, 0], "rotation": 90, "texture": "#layer0"},
				"west": {"uv": [0, 0, 16, 0.5], "rotation": 90, "texture": "#layer0"},
				"up": {"uv": [0, 0, 16, 0], "rotation": 90, "texture": "#layer0"},
				"down": {"uv": [0, 0, 16, 0], "rotation": 90, "texture": "#layer0"}
			}
		},
		{
			"from": [32, 0, 0],
			"to": [32, 16, 16],
			"rotation": {"angle": 45, "axis": "y", "origin": [8, 8, 8]},
			"faces": {
				"north": {"uv": [0, 0, 16, 0], "rotation": 270, "texture": "#layer0"},
				"east": {"uv": [0, 16, 16, 0], "rotation": 90, "texture": "#layer0"},
				"south": {"uv": [0, 0, 16, 0], "rotation": 90, "texture": "#layer0"},
				"west": {"uv": [0, 0, 16, 0.5], "rotation": 90, "texture": "#layer0"},
				"up": {"uv": [0, 0, 16, 0], "rotation": 90, "texture": "#layer0"},
				"down": {"uv": [0, 0, 16, 0], "rotation": 90, "texture": "#layer0"}
			}
		},
		{
			"from": [0, 0, -16],
			"to": [16, 16, -12],
			"rotation": {"angle": -22.5, "axis": "y", "origin": [8, 8, 8]},
			"faces": {
				"north": {"uv": [0, 16, 16, 0], "rotation": 90, "texture": "#layer0"},
				"east": {"uv": [0, 0, 16, 0], "rotation": 90, "texture": "#layer0"},
				"south": {"uv": [0, 0, 16, 0.5], "rotation": 90, "texture": "#layer0"},
				"west": {"uv": [0, 0, 16, 0], "rotation": 270, "texture": "#layer0"},
				"up": {"uv": [0, 0, 16, 0], "texture": "#layer0"},
				"down": {"uv": [0, 0, 16, 0], "rotation": 180, "texture": "#layer0"}
			}
		},
		{
			"from": [0, 0, -16],
			"to": [16, 16, -12],
			"rotation": {"angle": 22.5, "axis": "y", "origin": [8, 8, 8]},
			"faces": {
				"north": {"uv": [0, 16, 16, 0], "rotation": 90, "texture": "#layer0"},
				"east": {"uv": [0, 0, 16, 0], "rotation": 90, "texture": "#layer0"},
				"south": {"uv": [0, 0, 16, 0.5], "rotation": 90, "texture": "#layer0"},
				"west": {"uv": [0, 0, 16, 0], "rotation": 270, "texture": "#layer0"},
				"up": {"uv": [0, 0, 16, 0], "texture": "#layer0"},
				"down": {"uv": [0, 0, 16, 0], "rotation": 180, "texture": "#layer0"}
			}
		},
		{
			"from": [0, 0, -16],
			"to": [16, 16, -12],
			"rotation": {"angle": 45, "axis": "y", "origin": [8, 8, 8]},
			"faces": {
				"north": {"uv": [0, 16, 16, 0], "rotation": 90, "texture": "#layer0"},
				"east": {"uv": [0, 0, 16, 0], "rotation": 90, "texture": "#layer0"},
				"south": {"uv": [0, 0, 16, 0.5], "rotation": 90, "texture": "#layer0"},
				"west": {"uv": [0, 0, 16, 0], "rotation": 270, "texture": "#layer0"},
				"up": {"uv": [0, 0, 16, 0], "texture": "#layer0"},
				"down": {"uv": [0, 0, 16, 0], "rotation": 180, "texture": "#layer0"}
			}
		},
		{
			"from": [-16, 0, 0],
			"to": [-16, 16, 16],
			"rotation": {"angle": -22.5, "axis": "y", "origin": [8, 8, 8]},
			"faces": {
				"north": {"uv": [0, 0, 16, 0], "rotation": 90, "texture": "#layer0"},
				"east": {"uv": [0, 0, 16, 0.5], "rotation": 90, "texture": "#layer0"},
				"south": {"uv": [0, 0, 16, 0], "rotation": 270, "texture": "#layer0"},
				"west": {"uv": [0, 16, 16, 0], "rotation": 90, "texture": "#layer0"},
				"up": {"uv": [0, 0, 16, 0], "rotation": 270, "texture": "#layer0"},
				"down": {"uv": [0, 0, 16, 0], "rotation": 270, "texture": "#layer0"}
			}
		},
		{
			"from": [-16, 0, 0],
			"to": [-16, 16, 16],
			"rotation": {"angle": 22.5, "axis": "y", "origin": [8, 8, 8]},
			"faces": {
				"north": {"uv": [0, 0, 16, 0], "rotation": 90, "texture": "#layer0"},
				"east": {"uv": [0, 0, 16, 0.5], "rotation": 90, "texture": "#layer0"},
				"south": {"uv": [0, 0, 16, 0], "rotation": 270, "texture": "#layer0"},
				"west": {"uv": [0, 16, 16, 0], "rotation": 90, "texture": "#layer0"},
				"up": {"uv": [0, 0, 16, 0], "rotation": 270, "texture": "#layer0"},
				"down": {"uv": [0, 0, 16, 0], "rotation": 270, "texture": "#layer0"}
			}
		},
		{
			"from": [-16, 0, 0],
			"to": [-16, 16, 16],
			"rotation": {"angle": 45, "axis": "y", "origin": [8, 8, 8]},
			"faces": {
				"north": {"uv": [0, 0, 16, 0], "rotation": 90, "texture": "#layer0"},
				"east": {"uv": [0, 0, 16, 0.5], "rotation": 90, "texture": "#layer0"},
				"south": {"uv": [0, 0, 16, 0], "rotation": 270, "texture": "#layer0"},
				"west": {"uv": [0, 16, 16, 0], "rotation": 90, "texture": "#layer0"},
				"up": {"uv": [0, 0, 16, 0], "rotation": 270, "texture": "#layer0"},
				"down": {"uv": [0, 0, 16, 0], "rotation": 270, "texture": "#layer0"}
			}
		},
		{
			"from": [0, 0, 32],
			"to": [16, 16, 32],
			"rotation": {"angle": -22.5, "axis": "y", "origin": [8, 8, 8]},
			"faces": {
				"north": {"uv": [0, 0, 16, 0.5], "rotation": 90, "texture": "#layer0"},
				"east": {"uv": [0, 0, 16, 0], "rotation": 270, "texture": "#layer0"},
				"south": {"uv": [0, 16, 16, 0], "rotation": 90, "texture": "#layer0"},
				"west": {"uv": [0, 0, 16, 0], "rotation": 90, "texture": "#layer0"},
				"up": {"uv": [0, 0, 16, 0], "rotation": 180, "texture": "#layer0"},
				"down": {"uv": [0, 0, 16, 0], "texture": "#layer0"}
			}
		},
		{
			"from": [0, 0, 32],
			"to": [16, 16, 32],
			"rotation": {"angle": 22.5, "axis": "y", "origin": [8, 8, 8]},
			"faces": {
				"north": {"uv": [0, 0, 16, 0.5], "rotation": 90, "texture": "#layer0"},
				"east": {"uv": [0, 0, 16, 0], "rotation": 270, "texture": "#layer0"},
				"south": {"uv": [0, 16, 16, 0], "rotation": 90, "texture": "#layer0"},
				"west": {"uv": [0, 0, 16, 0], "rotation": 90, "texture": "#layer0"},
				"up": {"uv": [0, 0, 16, 0], "rotation": 180, "texture": "#layer0"},
				"down": {"uv": [0, 0, 16, 0], "texture": "#layer0"}
			}
		},
		{
			"from": [0, 0, 32],
			"to": [16, 16, 32],
			"rotation": {"angle": 45, "axis": "y", "origin": [8, 8, 8]},
			"faces": {
				"north": {"uv": [0, 0, 16, 0.5], "rotation": 90, "texture": "#layer0"},
				"east": {"uv": [0, 0, 16, 0], "rotation": 270, "texture": "#layer0"},
				"south": {"uv": [0, 16, 16, 0], "rotation": 90, "texture": "#layer0"},
				"west": {"uv": [0, 0, 16, 0], "rotation": 90, "texture": "#layer0"},
				"up": {"uv": [0, 0, 16, 0], "rotation": 180, "texture": "#layer0"},
				"down": {"uv": [0, 0, 16, 0], "texture": "#layer0"}
			}
		},
		{
			"from": [32, 0, 0],
			"to": [32, 16, 16],
			"rotation": {"angle": -22.5, "axis": "z", "origin": [8, 8, 8]},
			"faces": {
				"north": {"uv": [0, 0, 16, 0], "rotation": 270, "texture": "#layer0"},
				"east": {"uv": [0, 16, 16, 0], "texture": "#layer0"},
				"south": {"uv": [0, 0, 16, 0], "rotation": 90, "texture": "#layer0"},
				"west": {"uv": [0, 0, 16, 0.5], "rotation": 180, "texture": "#layer0"},
				"up": {"uv": [0, 0, 16, 0], "rotation": 90, "texture": "#layer0"},
				"down": {"uv": [0, 0, 16, 0], "rotation": 90, "texture": "#layer0"}
			}
		},
		{
			"from": [32, 0, 0],
			"to": [32, 16, 16],
			"faces": {
				"north": {"uv": [0, 0, 16, 0], "rotation": 270, "texture": "#layer0"},
				"east": {"uv": [0, 16, 16, 0], "texture": "#layer0"},
				"south": {"uv": [0, 0, 16, 0], "rotation": 90, "texture": "#layer0"},
				"west": {"uv": [0, 0, 16, 0.5], "rotation": 180, "texture": "#layer0"},
				"up": {"uv": [0, 0, 16, 0], "rotation": 90, "texture": "#layer0"},
				"down": {"uv": [0, 0, 16, 0], "rotation": 90, "texture": "#layer0"}
			}
		},
		{
			"from": [32, 0, 0],
			"to": [32, 16, 16],
			"rotation": {"angle": 22.5, "axis": "z", "origin": [8, 8, 8]},
			"faces": {
				"north": {"uv": [0, 0, 16, 0], "rotation": 270, "texture": "#layer0"},
				"east": {"uv": [0, 16, 16, 0], "texture": "#layer0"},
				"south": {"uv": [0, 0, 16, 0], "rotation": 90, "texture": "#layer0"},
				"west": {"uv": [0, 0, 16, 0.5], "rotation": 180, "texture": "#layer0"},
				"up": {"uv": [0, 0, 16, 0], "rotation": 90, "texture": "#layer0"},
				"down": {"uv": [0, 0, 16, 0], "rotation": 90, "texture": "#layer0"}
			}
		},
		{
			"from": [32, 0, 0],
			"to": [32, 16, 16],
			"rotation": {"angle": 45, "axis": "z", "origin": [8, 8, 8]},
			"faces": {
				"north": {"uv": [0, 0, 16, 0], "rotation": 270, "texture": "#layer0"},
				"east": {"uv": [0, 16, 16, 0], "texture": "#layer0"},
				"south": {"uv": [0, 0, 16, 0], "rotation": 90, "texture": "#layer0"},
				"west": {"uv": [0, 0, 16, 0.5], "rotation": 180, "texture": "#layer0"},
				"up": {"uv": [0, 0, 16, 0], "rotation": 90, "texture": "#layer0"},
				"down": {"uv": [0, 0, 16, 0], "rotation": 90, "texture": "#layer0"}
			}
		},
		{
			"from": [0, 32, 0],
			"to": [16, 32, 16],
			"rotation": {"angle": -22.5, "axis": "z", "origin": [8, 8, 8]},
			"faces": {
				"north": {"uv": [0, 0, 16, 0], "texture": "#layer0"},
				"east": {"uv": [0, 0, 16, 0], "texture": "#layer0"},
				"south": {"uv": [0, 0, 16, 0], "texture": "#layer0"},
				"west": {"uv": [0, 0, 16, 0], "texture": "#layer0"},
				"up": {"uv": [0, 16, 16, 0], "rotation": 270, "texture": "#layer0"},
				"down": {"uv": [0, 0, 16, 0.5], "rotation": 90, "texture": "#layer0"}
			}
		},
		{
			"from": [0, 32, 0],
			"to": [16, 32, 16],
			"faces": {
				"north": {"uv": [0, 0, 16, 0], "texture": "#layer0"},
				"east": {"uv": [0, 0, 16, 0], "texture": "#layer0"},
				"south": {"uv": [0, 0, 16, 0], "texture": "#layer0"},
				"west": {"uv": [0, 0, 16, 0], "texture": "#layer0"},
				"up": {"uv": [0, 16, 16, 0], "rotation": 270, "texture": "#layer0"},
				"down": {"uv": [0, 0, 16, 0.5], "rotation": 90, "texture": "#layer0"}
			}
		},
		{
			"from": [0, 32, 0],
			"to": [16, 32, 16],
			"rotation": {"angle": 22.5, "axis": "z", "origin": [8, 8, 8]},
			"faces": {
				"north": {"uv": [0, 0, 16, 0], "texture": "#layer0"},
				"east": {"uv": [0, 0, 16, 0], "texture": "#layer0"},
				"south": {"uv": [0, 0, 16, 0], "texture": "#layer0"},
				"west": {"uv": [0, 0, 16, 0], "texture": "#layer0"},
				"up": {"uv": [0, 16, 16, 0], "rotation": 270, "texture": "#layer0"},
				"down": {"uv": [0, 0, 16, 0.5], "rotation": 90, "texture": "#layer0"}
			}
		},
		{
			"from": [0, 32, 0],
			"to": [16, 32, 16],
			"rotation": {"angle": 45, "axis": "z", "origin": [8, 8, 8]},
			"faces": {
				"north": {"uv": [0, 0, 16, 0], "texture": "#layer0"},
				"east": {"uv": [0, 0, 16, 0], "texture": "#layer0"},
				"south": {"uv": [0, 0, 16, 0], "texture": "#layer0"},
				"west": {"uv": [0, 0, 16, 0], "texture": "#layer0"},
				"up": {"uv": [0, 16, 16, 0], "rotation": 270, "texture": "#layer0"},
				"down": {"uv": [0, 0, 16, 0.5], "rotation": 90, "texture": "#layer0"}
			}
		},
		{
			"from": [-16, 0, 0],
			"to": [-16, 16, 16],
			"rotation": {"angle": -22.5, "axis": "z", "origin": [8, 8, 8]},
			"faces": {
				"north": {"uv": [0, 0, 16, 0], "rotation": 90, "texture": "#layer0"},
				"east": {"uv": [0, 0, 16, 0.5], "texture": "#layer0"},
				"south": {"uv": [0, 0, 16, 0], "rotation": 270, "texture": "#layer0"},
				"west": {"uv": [0, 16, 16, 0], "rotation": 180, "texture": "#layer0"},
				"up": {"uv": [0, 0, 16, 0], "rotation": 270, "texture": "#layer0"},
				"down": {"uv": [0, 0, 16, 0], "rotation": 270, "texture": "#layer0"}
			}
		},
		{
			"from": [-16, 0, 0],
			"to": [-16, 16, 16],
			"faces": {
				"north": {"uv": [0, 0, 16, 0], "rotation": 90, "texture": "#layer0"},
				"east": {"uv": [0, 0, 16, 0.5], "texture": "#layer0"},
				"south": {"uv": [0, 0, 16, 0], "rotation": 270, "texture": "#layer0"},
				"west": {"uv": [0, 16, 16, 0], "rotation": 180, "texture": "#layer0"},
				"up": {"uv": [0, 0, 16, 0], "rotation": 270, "texture": "#layer0"},
				"down": {"uv": [0, 0, 16, 0], "rotation": 270, "texture": "#layer0"}
			}
		},
		{
			"from": [-16, 0, 0],
			"to": [-16, 16, 16],
			"rotation": {"angle": 22.5, "axis": "z", "origin": [8, 8, 8]},
			"faces": {
				"north": {"uv": [0, 0, 16, 0], "rotation": 90, "texture": "#layer0"},
				"east": {"uv": [0, 0, 16, 0.5], "texture": "#layer0"},
				"south": {"uv": [0, 0, 16, 0], "rotation": 270, "texture": "#layer0"},
				"west": {"uv": [0, 16, 16, 0], "rotation": 180, "texture": "#layer0"},
				"up": {"uv": [0, 0, 16, 0], "rotation": 270, "texture": "#layer0"},
				"down": {"uv": [0, 0, 16, 0], "rotation": 270, "texture": "#layer0"}
			}
		},
		{
			"from": [-16, 0, 0],
			"to": [-16, 16, 16],
			"rotation": {"angle": 45, "axis": "z", "origin": [8, 8, 8]},
			"faces": {
				"north": {"uv": [0, 0, 16, 0], "rotation": 90, "texture": "#layer0"},
				"east": {"uv": [0, 0, 16, 0.5], "texture": "#layer0"},
				"south": {"uv": [0, 0, 16, 0], "rotation": 270, "texture": "#layer0"},
				"west": {"uv": [0, 16, 16, 0], "rotation": 180, "texture": "#layer0"},
				"up": {"uv": [0, 0, 16, 0], "rotation": 270, "texture": "#layer0"},
				"down": {"uv": [0, 0, 16, 0], "rotation": 270, "texture": "#layer0"}
			}
		},
		{
			"from": [0, -16, 0],
			"to": [16, -12, 16],
			"rotation": {"angle": -22.5, "axis": "z", "origin": [8, 8, 8]},
			"faces": {
				"north": {"uv": [0, 0, 16, 0], "rotation": 180, "texture": "#layer0"},
				"east": {"uv": [0, 0, 16, 0], "rotation": 180, "texture": "#layer0"},
				"south": {"uv": [0, 0, 16, 0], "rotation": 180, "texture": "#layer0"},
				"west": {"uv": [0, 0, 16, 0], "rotation": 180, "texture": "#layer0"},
				"up": {"uv": [0, 0, 16, 0.5], "rotation": 270, "texture": "#layer0"},
				"down": {"uv": [0, 16, 16, 0], "rotation": 90, "texture": "#layer0"}
			}
		},
		{
			"from": [0, -16, 0],
			"to": [16, -12, 16],
			"faces": {
				"north": {"uv": [0, 0, 16, 0], "rotation": 180, "texture": "#layer0"},
				"east": {"uv": [0, 0, 16, 0], "rotation": 180, "texture": "#layer0"},
				"south": {"uv": [0, 0, 16, 0], "rotation": 180, "texture": "#layer0"},
				"west": {"uv": [0, 0, 16, 0], "rotation": 180, "texture": "#layer0"},
				"up": {"uv": [0, 0, 16, 0.5], "rotation": 270, "texture": "#layer0"},
				"down": {"uv": [0, 16, 16, 0], "rotation": 90, "texture": "#layer0"}
			}
		},
		{
			"from": [0, -16, 0],
			"to": [16, -12, 16],
			"rotation": {"angle": 22.5, "axis": "z", "origin": [8, 8, 8]},
			"faces": {
				"north": {"uv": [0, 0, 16, 0], "rotation": 180, "texture": "#layer0"},
				"east": {"uv": [0, 0, 16, 0], "rotation": 180, "texture": "#layer0"},
				"south": {"uv": [0, 0, 16, 0], "rotation": 180, "texture": "#layer0"},
				"west": {"uv": [0, 0, 16, 0], "rotation": 180, "texture": "#layer0"},
				"up": {"uv": [0, 0, 16, 0.5], "rotation": 270, "texture": "#layer0"},
				"down": {"uv": [0, 16, 16, 0], "rotation": 90, "texture": "#layer0"}
			}
		},
		{
			"from": [0, -16, 0],
			"to": [16, -12, 16],
			"rotation": {"angle": 45, "axis": "z", "origin": [8, 8, 8]},
			"faces": {
				"north": {"uv": [0, 0, 16, 0], "rotation": 180, "texture": "#layer0"},
				"east": {"uv": [0, 0, 16, 0], "rotation": 180, "texture": "#layer0"},
				"south": {"uv": [0, 0, 16, 0], "rotation": 180, "texture": "#layer0"},
				"west": {"uv": [0, 0, 16, 0], "rotation": 180, "texture": "#layer0"},
				"up": {"uv": [0, 0, 16, 0.5], "rotation": 270, "texture": "#layer0"},
				"down": {"uv": [0, 16, 16, 0], "rotation": 90, "texture": "#layer0"}
			}
		},
		{
			"from": [0, 32, 0],
			"to": [16, 32, 16],
			"rotation": {"angle": 22.5, "axis": "x", "origin": [8, 8, 8]},
			"faces": {
				"north": {"uv": [0, 0, 16, 0], "texture": "#layer0"},
				"east": {"uv": [0, 0, 16, 0], "texture": "#layer0"},
				"south": {"uv": [0, 0, 16, 0], "texture": "#layer0"},
				"west": {"uv": [0, 0, 16, 0], "texture": "#layer0"},
				"up": {"uv": [0, 16, 16, 0], "texture": "#layer0"},
				"down": {"uv": [0, 0, 16, 0.5], "texture": "#layer0"}
			}
		},
		{
			"from": [0, 32, 0],
			"to": [16, 32, 16],
			"rotation": {"angle": -22.5, "axis": "x", "origin": [8, 8, 8]},
			"faces": {
				"north": {"uv": [0, 0, 16, 0], "texture": "#layer0"},
				"east": {"uv": [0, 0, 16, 0], "texture": "#layer0"},
				"south": {"uv": [0, 0, 16, 0], "texture": "#layer0"},
				"west": {"uv": [0, 0, 16, 0], "texture": "#layer0"},
				"up": {"uv": [0, 16, 16, 0], "texture": "#layer0"},
				"down": {"uv": [0, 0, 16, 0.5], "texture": "#layer0"}
			}
		},
		{
			"from": [0, 32, 0],
			"to": [16, 32, 16],
			"rotation": {"angle": -45, "axis": "x", "origin": [8, 8, 8]},
			"faces": {
				"north": {"uv": [0, 0, 16, 0], "texture": "#layer0"},
				"east": {"uv": [0, 0, 16, 0], "texture": "#layer0"},
				"south": {"uv": [0, 0, 16, 0], "texture": "#layer0"},
				"west": {"uv": [0, 0, 16, 0], "texture": "#layer0"},
				"up": {"uv": [0, 16, 16, 0], "texture": "#layer0"},
				"down": {"uv": [0, 0, 16, 0.5], "texture": "#layer0"}
			}
		},
		{
			"from": [0, 0, -16],
			"to": [16, 16, -12],
			"rotation": {"angle": 22.5, "axis": "x", "origin": [8, 8, 8]},
			"faces": {
				"north": {"uv": [0, 16, 16, 0], "rotation": 180, "texture": "#layer0"},
				"east": {"uv": [0, 0, 16, 0], "rotation": 90, "texture": "#layer0"},
				"south": {"uv": [0, 0, 16, 0.5], "texture": "#layer0"},
				"west": {"uv": [0, 0, 16, 0], "rotation": 270, "texture": "#layer0"},
				"up": {"uv": [0, 0, 16, 0], "texture": "#layer0"},
				"down": {"uv": [0, 0, 16, 0], "rotation": 180, "texture": "#layer0"}
			}
		},
		{
			"from": [0, 0, -16],
			"to": [16, 16, -12],
			"faces": {
				"north": {"uv": [0, 16, 16, 0], "rotation": 180, "texture": "#layer0"},
				"east": {"uv": [0, 0, 16, 0], "rotation": 90, "texture": "#layer0"},
				"south": {"uv": [0, 0, 16, 0.5], "texture": "#layer0"},
				"west": {"uv": [0, 0, 16, 0], "rotation": 270, "texture": "#layer0"},
				"up": {"uv": [0, 0, 16, 0], "texture": "#layer0"},
				"down": {"uv": [0, 0, 16, 0], "rotation": 180, "texture": "#layer0"}
			}
		},
		{
			"from": [0, 0, -16],
			"to": [16, 16, -12],
			"rotation": {"angle": -22.5, "axis": "x", "origin": [8, 8, 8]},
			"faces": {
				"north": {"uv": [0, 16, 16, 0], "rotation": 180, "texture": "#layer0"},
				"east": {"uv": [0, 0, 16, 0], "rotation": 90, "texture": "#layer0"},
				"south": {"uv": [0, 0, 16, 0.5], "texture": "#layer0"},
				"west": {"uv": [0, 0, 16, 0], "rotation": 270, "texture": "#layer0"},
				"up": {"uv": [0, 0, 16, 0], "texture": "#layer0"},
				"down": {"uv": [0, 0, 16, 0], "rotation": 180, "texture": "#layer0"}
			}
		},
		{
			"from": [0, 0, -16],
			"to": [16, 16, -12],
			"rotation": {"angle": -45, "axis": "x", "origin": [8, 8, 8]},
			"faces": {
				"north": {"uv": [0, 16, 16, 0], "rotation": 180, "texture": "#layer0"},
				"east": {"uv": [0, 0, 16, 0], "rotation": 90, "texture": "#layer0"},
				"south": {"uv": [0, 0, 16, 0.5], "texture": "#layer0"},
				"west": {"uv": [0, 0, 16, 0], "rotation": 270, "texture": "#layer0"},
				"up": {"uv": [0, 0, 16, 0], "texture": "#layer0"},
				"down": {"uv": [0, 0, 16, 0], "rotation": 180, "texture": "#layer0"}
			}
		},
		{
			"from": [0, -16, 0],
			"to": [16, -12, 16],
			"rotation": {"angle": 22.5, "axis": "x", "origin": [8, 8, 8]},
			"faces": {
				"north": {"uv": [0, 0, 16, 0], "rotation": 180, "texture": "#layer0"},
				"east": {"uv": [0, 0, 16, 0], "rotation": 180, "texture": "#layer0"},
				"south": {"uv": [0, 0, 16, 0], "rotation": 180, "texture": "#layer0"},
				"west": {"uv": [0, 0, 16, 0], "rotation": 180, "texture": "#layer0"},
				"up": {"uv": [0, 0, 16, 0.5], "texture": "#layer0"},
				"down": {"uv": [0, 16, 16, 0], "texture": "#layer0"}
			}
		},
		{
			"from": [0, -16, 0],
			"to": [16, -12, 16],
			"rotation": {"angle": -22.5, "axis": "x", "origin": [8, 8, 8]},
			"faces": {
				"north": {"uv": [0, 0, 16, 0], "rotation": 180, "texture": "#layer0"},
				"east": {"uv": [0, 0, 16, 0], "rotation": 180, "texture": "#layer0"},
				"south": {"uv": [0, 0, 16, 0], "rotation": 180, "texture": "#layer0"},
				"west": {"uv": [0, 0, 16, 0], "rotation": 180, "texture": "#layer0"},
				"up": {"uv": [0, 0, 16, 0.5], "texture": "#layer0"},
				"down": {"uv": [0, 16, 16, 0], "texture": "#layer0"}
			}
		},
		{
			"from": [0, -16, 0],
			"to": [16, -12, 16],
			"rotation": {"angle": -45, "axis": "x", "origin": [8, 8, 8]},
			"faces": {
				"north": {"uv": [0, 0, 16, 0], "rotation": 180, "texture": "#layer0"},
				"east": {"uv": [0, 0, 16, 0], "rotation": 180, "texture": "#layer0"},
				"south": {"uv": [0, 0, 16, 0], "rotation": 180, "texture": "#layer0"},
				"west": {"uv": [0, 0, 16, 0], "rotation": 180, "texture": "#layer0"},
				"up": {"uv": [0, 0, 16, 0.5], "texture": "#layer0"},
				"down": {"uv": [0, 16, 16, 0], "texture": "#layer0"}
			}
		},
		{
			"from": [0, 0, 32],
			"to": [16, 16, 32],
			"rotation": {"angle": 22.5, "axis": "x", "origin": [8, 8, 8]},
			"faces": {
				"north": {"uv": [0, 0, 16, 0.5], "rotation": 180, "texture": "#layer0"},
				"east": {"uv": [0, 0, 16, 0], "rotation": 270, "texture": "#layer0"},
				"south": {"uv": [0, 16, 16, 0], "texture": "#layer0"},
				"west": {"uv": [0, 0, 16, 0], "rotation": 90, "texture": "#layer0"},
				"up": {"uv": [0, 0, 16, 0], "rotation": 180, "texture": "#layer0"},
				"down": {"uv": [0, 0, 16, 0], "texture": "#layer0"}
			}
		},
		{
			"from": [0, 0, 32],
			"to": [16, 16, 32],
			"faces": {
				"north": {"uv": [0, 0, 16, 0.5], "rotation": 180, "texture": "#layer0"},
				"east": {"uv": [0, 0, 16, 0], "rotation": 270, "texture": "#layer0"},
				"south": {"uv": [0, 16, 16, 0], "texture": "#layer0"},
				"west": {"uv": [0, 0, 16, 0], "rotation": 90, "texture": "#layer0"},
				"up": {"uv": [0, 0, 16, 0], "rotation": 180, "texture": "#layer0"},
				"down": {"uv": [0, 0, 16, 0], "texture": "#layer0"}
			}
		},
		{
			"from": [0, 0, 32],
			"to": [16, 16, 32],
			"rotation": {"angle": -22.5, "axis": "x", "origin": [8, 8, 8]},
			"faces": {
				"north": {"uv": [0, 0, 16, 0.5], "rotation": 180, "texture": "#layer0"},
				"east": {"uv": [0, 0, 16, 0], "rotation": 270, "texture": "#layer0"},
				"south": {"uv": [0, 16, 16, 0], "texture": "#layer0"},
				"west": {"uv": [0, 0, 16, 0], "rotation": 90, "texture": "#layer0"},
				"up": {"uv": [0, 0, 16, 0], "rotation": 180, "texture": "#layer0"},
				"down": {"uv": [0, 0, 16, 0], "texture": "#layer0"}
			}
		},
		{
			"from": [0, 0, 32],
			"to": [16, 16, 32],
			"rotation": {"angle": -45, "axis": "x", "origin": [8, 8, 8]},
			"faces": {
				"north": {"uv": [0, 0, 16, 0.5], "rotation": 180, "texture": "#layer0"},
				"east": {"uv": [0, 0, 16, 0], "rotation": 270, "texture": "#layer0"},
				"south": {"uv": [0, 16, 16, 0], "texture": "#layer0"},
				"west": {"uv": [0, 0, 16, 0], "rotation": 90, "texture": "#layer0"},
				"up": {"uv": [0, 0, 16, 0], "rotation": 180, "texture": "#layer0"},
				"down": {"uv": [0, 0, 16, 0], "texture": "#layer0"}
			}
		}
	],
	"display": {
		"thirdperson_righthand": {
			"rotation": [0, 90, -125],
			"translation": [0, 1, 0],
			"scale": [0.2, 0.2, 0.2]
		},
		"thirdperson_lefthand": {
			"rotation": [-180, 90, -45],
			"translation": [0, 1, 0],
			"scale": [0.2, 0.2, 0.2]
		},
		"firstperson_righthand": {
			"rotation": [-180, 0, 0],
			"translation": [0, 2, 0],
			"scale": [0.5, 0.5, 0.5]
		},
		"firstperson_lefthand": {
			"rotation": [0, 0, -180],
			"translation": [0, 2, 0],
			"scale": [0.5, 0.5, 0.5]
		},
		"head": {
			"translation": [0, -42, 0],
			"scale": [2, 2, 2]
		}
	},
	"groups": [
		{
			"name": "group",
			"origin": [8, 8, 8],
			"children": [0, 1, 2, 3, 4, 5, 6, 7, 8, 9, 10, 11]
		},
		{
			"name": "group",
			"origin": [8, 8, 8],
			"children": [12, 13, 14, 15, 16, 17, 18, 19, 20, 21, 22, 23, 24, 25, 26, 27]
		},
		{
			"name": "group",
			"origin": [8, 8, 8],
			"children": [28, 29, 30, 31, 32, 33, 34, 35, 36, 37, 38, 39, 40, 41]
		}
	]
}