{
	"credit": "Made with Blockbench",
	"textures": {
		"layer0": "item/effect/lance_3"
	},
	"elements": [
		{
			"from": [-10, 8, 0],
			"to": [6, 8, 16],
			"faces": {
				"north": {"uv": [0, 0, 16, 0], "texture": "#layer0"},
				"east": {"uv": [0, 0, 16, 0], "texture": "#layer0"},
				"south": {"uv": [0, 0, 16, 0], "texture": "#layer0"},
				"west": {"uv": [0, 0, 16, 0], "texture": "#layer0"},
				"up": {"uv": [16, 16, 0, 0], "rotation": 90, "texture": "#layer0"},
				"down": {"uv": [0, 0.063, 0.5, 0.563], "rotation": 270, "texture": "#layer0"}
			}
		},
		{
			"from": [0, 8, 10],
			"to": [16, 8, 26],
			"faces": {
				"north": {"uv": [0, 0, 16, 0], "texture": "#layer0"},
				"east": {"uv": [0, 0, 16, 0], "texture": "#layer0"},
				"south": {"uv": [0, 0, 16, 0], "texture": "#layer0"},
				"west": {"uv": [0, 0, 16, 0], "texture": "#layer0"},
				"up": {"uv": [16, 16, 0, 0], "texture": "#layer0"},
				"down": {"uv": [0, 0.063, 0.5, 0.563], "texture": "#layer0"}
			}
		},
		{
			"from": [10, 8, 0],
			"to": [26, 8, 16],
			"faces": {
				"north": {"uv": [0, 0, 16, 0], "texture": "#layer0"},
				"east": {"uv": [0, 0, 16, 0], "texture": "#layer0"},
				"south": {"uv": [0, 0, 16, 0], "texture": "#layer0"},
				"west": {"uv": [0, 0, 16, 0], "texture": "#layer0"},
				"up": {"uv": [16, 16, 0, 0], "rotation": 270, "texture": "#layer0"},
				"down": {"uv": [0, 0.063, 0.5, 0.563], "rotation": 90, "texture": "#layer0"}
			}
		},
		{
			"from": [0, 8, -10],
			"to": [16, 8, 6],
			"faces": {
				"north": {"uv": [0, 0, 16, 0], "texture": "#layer0"},
				"east": {"uv": [0, 0, 16, 0], "texture": "#layer0"},
				"south": {"uv": [0, 0, 16, 0], "texture": "#layer0"},
				"west": {"uv": [0, 0, 16, 0], "texture": "#layer0"},
				"up": {"uv": [16, 16, 0, 0], "rotation": 180, "texture": "#layer0"},
				"down": {"uv": [0, 0.063, 0.5, 0.563], "rotation": 180, "texture": "#layer0"}
			}
		},
		{
			"from": [-10, 8, 0],
			"to": [6, 8, 16],
			"rotation": {"angle": 22.5, "axis": "y", "origin": [8, 8, 8]},
			"faces": {
				"north": {"uv": [0, 0, 16, 0], "texture": "#layer0"},
				"east": {"uv": [0, 0, 16, 0], "texture": "#layer0"},
				"south": {"uv": [0, 0, 16, 0], "texture": "#layer0"},
				"west": {"uv": [0, 0, 16, 0], "texture": "#layer0"},
				"up": {"uv": [16, 16, 0, 0], "rotation": 90, "texture": "#layer0"},
				"down": {"uv": [0, 0.063, 0.5, 0.563], "rotation": 270, "texture": "#layer0"}
			}
		},
		{
			"from": [0, 8, 10],
			"to": [16, 8, 26],
			"rotation": {"angle": 22.5, "axis": "y", "origin": [8, 8, 8]},
			"faces": {
				"north": {"uv": [0, 0, 16, 0], "texture": "#layer0"},
				"east": {"uv": [0, 0, 16, 0], "texture": "#layer0"},
				"south": {"uv": [0, 0, 16, 0], "texture": "#layer0"},
				"west": {"uv": [0, 0, 16, 0], "texture": "#layer0"},
				"up": {"uv": [16, 16, 0, 0], "texture": "#layer0"},
				"down": {"uv": [0, 0.063, 0.5, 0.563], "texture": "#layer0"}
			}
		},
		{
			"from": [10, 8, 0],
			"to": [26, 8, 16],
			"rotation": {"angle": 22.5, "axis": "y", "origin": [8, 8, 8]},
			"faces": {
				"north": {"uv": [0, 0, 16, 0], "texture": "#layer0"},
				"east": {"uv": [0, 0, 16, 0], "texture": "#layer0"},
				"south": {"uv": [0, 0, 16, 0], "texture": "#layer0"},
				"west": {"uv": [0, 0, 16, 0], "texture": "#layer0"},
				"up": {"uv": [16, 16, 0, 0], "rotation": 270, "texture": "#layer0"},
				"down": {"uv": [0, 0.063, 0.5, 0.563], "rotation": 90, "texture": "#layer0"}
			}
		},
		{
			"from": [0, 8, -10],
			"to": [16, 8, 6],
			"rotation": {"angle": 22.5, "axis": "y", "origin": [8, 8, 8]},
			"faces": {
				"north": {"uv": [0, 0, 16, 0], "texture": "#layer0"},
				"east": {"uv": [0, 0, 16, 0], "texture": "#layer0"},
				"south": {"uv": [0, 0, 16, 0], "texture": "#layer0"},
				"west": {"uv": [0, 0, 16, 0], "texture": "#layer0"},
				"up": {"uv": [16, 16, 0, 0], "rotation": 180, "texture": "#layer0"},
				"down": {"uv": [0, 0.063, 0.5, 0.563], "rotation": 180, "texture": "#layer0"}
			}
		},
		{
			"from": [-10, 8, 0],
			"to": [6, 8, 16],
			"rotation": {"angle": 45, "axis": "y", "origin": [8, 8, 8]},
			"faces": {
				"north": {"uv": [0, 0, 16, 0], "texture": "#layer0"},
				"east": {"uv": [0, 0, 16, 0], "texture": "#layer0"},
				"south": {"uv": [0, 0, 16, 0], "texture": "#layer0"},
				"west": {"uv": [0, 0, 16, 0], "texture": "#layer0"},
				"up": {"uv": [16, 16, 0, 0], "rotation": 90, "texture": "#layer0"},
				"down": {"uv": [0, 0.063, 0.5, 0.563], "rotation": 270, "texture": "#layer0"}
			}
		},
		{
			"from": [0, 8, 10],
			"to": [16, 8, 26],
			"rotation": {"angle": 45, "axis": "y", "origin": [8, 8, 8]},
			"faces": {
				"north": {"uv": [0, 0, 16, 0], "texture": "#layer0"},
				"east": {"uv": [0, 0, 16, 0], "texture": "#layer0"},
				"south": {"uv": [0, 0, 16, 0], "texture": "#layer0"},
				"west": {"uv": [0, 0, 16, 0], "texture": "#layer0"},
				"up": {"uv": [16, 16, 0, 0], "texture": "#layer0"},
				"down": {"uv": [0, 0.063, 0.5, 0.563], "texture": "#layer0"}
			}
		},
		{
			"from": [10, 8, 0],
			"to": [26, 8, 16],
			"rotation": {"angle": 45, "axis": "y", "origin": [8, 8, 8]},
			"faces": {
				"north": {"uv": [0, 0, 16, 0], "texture": "#layer0"},
				"east": {"uv": [0, 0, 16, 0], "texture": "#layer0"},
				"south": {"uv": [0, 0, 16, 0], "texture": "#layer0"},
				"west": {"uv": [0, 0, 16, 0], "texture": "#layer0"},
				"up": {"uv": [16, 16, 0, 0], "rotation": 270, "texture": "#layer0"},
				"down": {"uv": [0, 0.063, 0.5, 0.563], "rotation": 90, "texture": "#layer0"}
			}
		},
		{
			"from": [0, 8, -10],
			"to": [16, 8, 6],
			"rotation": {"angle": 45, "axis": "y", "origin": [8, 8, 8]},
			"faces": {
				"north": {"uv": [0, 0, 16, 0], "texture": "#layer0"},
				"east": {"uv": [0, 0, 16, 0], "texture": "#layer0"},
				"south": {"uv": [0, 0, 16, 0], "texture": "#layer0"},
				"west": {"uv": [0, 0, 16, 0], "texture": "#layer0"},
				"up": {"uv": [16, 16, 0, 0], "rotation": 180, "texture": "#layer0"},
				"down": {"uv": [0, 0.063, 0.5, 0.563], "rotation": 180, "texture": "#layer0"}
			}
		},
		{
			"from": [0, 8, 10],
			"to": [16, 8, 26],
			"rotation": {"angle": -22.5, "axis": "y", "origin": [8, 8, 8]},
			"faces": {
				"north": {"uv": [0, 0, 16, 0], "texture": "#layer0"},
				"east": {"uv": [0, 0, 16, 0], "texture": "#layer0"},
				"south": {"uv": [0, 0, 16, 0], "texture": "#layer0"},
				"west": {"uv": [0, 0, 16, 0], "texture": "#layer0"},
				"up": {"uv": [16, 16, 0, 0], "texture": "#layer0"},
				"down": {"uv": [0, 0.063, 0.5, 0.563], "texture": "#layer0"}
			}
		},
		{
			"from": [10, 8, 0],
			"to": [26, 8, 16],
			"rotation": {"angle": -22.5, "axis": "y", "origin": [8, 8, 8]},
			"faces": {
				"north": {"uv": [0, 0, 16, 0], "texture": "#layer0"},
				"east": {"uv": [0, 0, 16, 0], "texture": "#layer0"},
				"south": {"uv": [0, 0, 16, 0], "texture": "#layer0"},
				"west": {"uv": [0, 0, 16, 0], "texture": "#layer0"},
				"up": {"uv": [16, 16, 0, 0], "rotation": 270, "texture": "#layer0"},
				"down": {"uv": [0, 0.063, 0.5, 0.563], "rotation": 90, "texture": "#layer0"}
			}
		},
		{
			"from": [0, 8, -10],
			"to": [16, 8, 6],
			"rotation": {"angle": -22.5, "axis": "y", "origin": [8, 8, 8]},
			"faces": {
				"north": {"uv": [0, 0, 16, 0], "texture": "#layer0"},
				"east": {"uv": [0, 0, 16, 0], "texture": "#layer0"},
				"south": {"uv": [0, 0, 16, 0], "texture": "#layer0"},
				"west": {"uv": [0, 0, 16, 0], "texture": "#layer0"},
				"up": {"uv": [16, 16, 0, 0], "rotation": 180, "texture": "#layer0"},
				"down": {"uv": [0, 0.063, 0.5, 0.563], "rotation": 180, "texture": "#layer0"}
			}
		},
		{
			"from": [-10, 8, 0],
			"to": [6, 8, 16],
			"rotation": {"angle": -22.5, "axis": "y", "origin": [8, 8, 8]},
			"faces": {
				"north": {"uv": [0, 0, 16, 0], "texture": "#layer0"},
				"east": {"uv": [0, 0, 16, 0], "texture": "#layer0"},
				"south": {"uv": [0, 0, 16, 0], "texture": "#layer0"},
				"west": {"uv": [0, 0, 16, 0], "texture": "#layer0"},
				"up": {"uv": [16, 16, 0, 0], "rotation": 90, "texture": "#layer0"},
				"down": {"uv": [0, 0.063, 0.5, 0.563], "rotation": 270, "texture": "#layer0"}
			}
		}
	],
	"display": {
		"thirdperson_righthand": {
			"rotation": [0, 90, -125],
			"translation": [0, 1, 0],
			"scale": [0.2, 0.2, 0.2]
		},
		"thirdperson_lefthand": {
			"rotation": [-180, 90, -45],
			"translation": [0, 1, 0],
			"scale": [0.2, 0.2, 0.2]
		},
		"firstperson_righthand": {
			"rotation": [-180, 0, 0],
			"translation": [0, 2, 0],
			"scale": [0.5, 0.5, 0.5]
		},
		"firstperson_lefthand": {
			"rotation": [0, 0, -180],
			"translation": [0, 2, 0],
			"scale": [0.5, 0.5, 0.5]
		},
		"head": {
			"translation": [0, -42, 0],
			"scale": [2, 2, 2]
		}
	},
	"groups": [
		{
			"name": "group",
			"origin": [8, 8, 8],
			"children": [0, 1, 2, 3, 4, 5, 6, 7, 8, 9, 10, 11, 12, 13, 14, 15]
		}
	]
}