{
	"credit": "Made with Blockbench",
	"texture_size": [64, 64],
	"textures": {
		"0": "item/npc/gods/Eve",
		"1": "item/npc/gods/Eve_2",
		"3": "item/magic/god_wing2",
		"particle": "item/magic/falles",
		"4_0": "item/magic/falles"
	},
	"elements": [
		{
			"name": "HD",
			"from": [5, 18.00001, 5],
			"to": [11, 24.00001, 11],
			"rotation": {"angle": 22.5, "axis": "y", "origin": [8, 17, 8]},
			"faces": {
				"north": {"uv": [6, 2, 8, 4], "texture": "#0"},
				"east": {"uv": [4, 2, 6, 4], "texture": "#0"},
				"south": {"uv": [2, 2, 4, 4], "texture": "#0"},
				"west": {"uv": [0, 2, 2, 4], "texture": "#0"},
				"up": {"uv": [2, 2, 4, 0], "texture": "#0"},
				"down": {"uv": [4, 2, 6, 0], "texture": "#0"}
			}
		},
		{
			"name": "HD2",
			"from": [4.7, 17.7, 4.7],
			"to": [11.3, 24.3, 11.3],
			"rotation": {"angle": 22.5, "axis": "y", "origin": [8, 17, 8]},
			"faces": {
				"north": {"uv": [14, 2, 16, 4], "texture": "#0"},
				"east": {"uv": [12, 2, 14, 4], "texture": "#0"},
				"south": {"uv": [10, 2, 12, 4], "texture": "#0"},
				"west": {"uv": [8, 2, 10, 4], "texture": "#0"},
				"up": {"uv": [10, 0, 12, 2], "texture": "#0"},
				"down": {"uv": [12, 2, 14, 0], "texture": "#0"}
			}
		},
		{
			"name": "HD3",
			"from": [4.7, 11.1, 4.7],
			"to": [11.3, 17.7, 11.3],
			"rotation": {"angle": 22.5, "axis": "y", "origin": [8, 16.4, 8]},
			"faces": {
				"north": {"uv": [14, 14, 16, 16], "texture": "#0"},
				"east": {"uv": [14, 10.5, 16, 12.5], "texture": "#0"},
				"south": {"uv": [14, 11.25, 16, 13.25], "texture": "#0"},
				"west": {"uv": [14, 11, 16, 13], "texture": "#0"},
				"up": {"uv": [14, 11.25, 16, 13.25], "texture": "#0"},
				"down": {"uv": [14, 13, 16, 11], "texture": "#0"}
			}
		},
		{
			"name": "BD",
			"from": [5, 9, 6.5],
			"to": [11, 18, 9.5],
			"rotation": {"angle": 0, "axis": "y", "origin": [-16, 0, -16]},
			"faces": {
				"north": {"uv": [8, 5, 10, 8], "texture": "#0"},
				"east": {"uv": [7, 5, 8, 8], "texture": "#0"},
				"south": {"uv": [5, 5, 7, 8], "texture": "#0"},
				"west": {"uv": [4, 5, 5, 8], "texture": "#0"},
				"up": {"uv": [5, 4, 7, 5], "texture": "#0"},
				"down": {"uv": [7, 4, 9, 5], "texture": "#0"}
			}
		},
		{
			"name": "BD2",
			"from": [4.85, 8.85, 6.35],
			"to": [11.15, 18.15, 9.65],
			"rotation": {"angle": 0, "axis": "y", "origin": [-16, 0, -16]},
			"faces": {
				"north": {"uv": [8, 9, 10, 12], "texture": "#0"},
				"east": {"uv": [7, 9, 8, 12], "texture": "#0"},
				"south": {"uv": [5, 9, 7, 12], "texture": "#0"},
				"west": {"uv": [4, 9, 5, 12], "texture": "#0"},
				"up": {"uv": [5, 8, 7, 9], "texture": "#0"},
				"down": {"uv": [7, 8, 9, 9], "texture": "#0"}
			}
		},
		{
			"name": "LA",
			"from": [11, 9, 6.5],
			"to": [13.25, 18, 9.5],
			"rotation": {"angle": 22.5, "axis": "z", "origin": [11.125, 17.5, 8]},
			"faces": {
				"north": {"uv": [10.75, 13, 11.5, 16], "texture": "#0"},
				"east": {"uv": [9.75, 13, 10.75, 16], "texture": "#0"},
				"south": {"uv": [9, 13, 9.75, 16], "texture": "#0"},
				"west": {"uv": [8, 13, 9, 16], "texture": "#0"},
				"up": {"uv": [9, 12, 9.75, 13], "texture": "#0"},
				"down": {"uv": [9.75, 12, 10.5, 13], "texture": "#0"}
			}
		},
		{
			"name": "LA2",
			"from": [10.85, 8.85, 6.35],
			"to": [13.4, 18.15, 9.65],
			"rotation": {"angle": 22.5, "axis": "z", "origin": [11.125, 17.5, 8]},
			"faces": {
				"north": {"uv": [12.75, 13, 13.5, 16], "texture": "#0"},
				"east": {"uv": [12.25, 13, 13.25, 16], "texture": "#0"},
				"south": {"uv": [13, 13, 13.75, 16], "texture": "#0"},
				"west": {"uv": [12, 13, 13, 16], "texture": "#0"},
				"up": {"uv": [13, 12, 13.75, 13], "texture": "#0"},
				"down": {"uv": [14, 12, 14.75, 13], "texture": "#0"}
			}
		},
		{
			"name": "RA",
			"from": [2.75, 9, 6.5],
			"to": [5, 18, 9.5],
			"rotation": {"angle": -22.5, "axis": "x", "origin": [4.875, 17.5, 8]},
			"faces": {
				"north": {"uv": [12.75, 5, 13.5, 8], "texture": "#0"},
				"east": {"uv": [11.75, 5, 12.75, 8], "texture": "#0"},
				"south": {"uv": [11, 5, 11.75, 8], "texture": "#0"},
				"west": {"uv": [10, 5, 11, 8], "texture": "#0"},
				"up": {"uv": [11, 4, 11.75, 5], "texture": "#0"},
				"down": {"uv": [11.75, 4, 12.5, 5], "texture": "#0"}
			}
		},
		{
			"name": "RA2",
			"from": [2.6, 8.85, 6.35],
			"to": [5.15, 18.15, 9.65],
			"rotation": {"angle": -22.5, "axis": "x", "origin": [4.875, 17.5, 8]},
			"faces": {
				"north": {"uv": [12.75, 9, 13.5, 12], "texture": "#0"},
				"east": {"uv": [11.75, 9, 12.75, 12], "texture": "#0"},
				"south": {"uv": [11, 9, 11.75, 12], "texture": "#0"},
				"west": {"uv": [10, 9, 11, 12], "texture": "#0"},
				"up": {"uv": [11, 8, 11.75, 9], "texture": "#0"},
				"down": {"uv": [11.75, 8, 12.5, 9], "texture": "#0"}
			}
		},
		{
			"name": "LL",
			"from": [8, 7.00001, 7.49999],
			"to": [11, 10.00001, 16.49999],
			"rotation": {"angle": 22.5, "axis": "x", "origin": [9.5, 8.50001, 8]},
			"faces": {
				"north": {"uv": [5, 12, 6, 13], "rotation": 180, "texture": "#0"},
				"east": {"uv": [6, 13, 7, 16], "rotation": 90, "texture": "#0"},
				"south": {"uv": [6, 12, 7, 13], "texture": "#0"},
				"west": {"uv": [4, 13, 5, 16], "rotation": 270, "texture": "#0"},
				"up": {"uv": [5, 13, 6, 16], "texture": "#0"},
				"down": {"uv": [7, 13, 8, 16], "rotation": 180, "texture": "#0"}
			}
		},
		{
			"name": "LL2",
			"from": [7.85, 6.85001, 7.35001],
			"to": [11.15, 10.15001, 16.65001],
			"rotation": {"angle": 22.5, "axis": "x", "origin": [9.5, 8.50001, 8]},
			"faces": {
				"north": {"uv": [1, 12, 2, 13], "rotation": 180, "texture": "#0"},
				"east": {"uv": [2, 13, 3, 16], "rotation": 90, "texture": "#0"},
				"south": {"uv": [2, 12, 3, 13], "texture": "#0"},
				"west": {"uv": [0, 13, 1, 16], "rotation": 270, "texture": "#0"},
				"up": {"uv": [1, 13, 2, 16], "texture": "#0"},
				"down": {"uv": [3, 13, 4, 16], "rotation": 180, "texture": "#0"}
			}
		},
		{
			"name": "RL",
			"from": [5.00001, 7, 7.5],
			"to": [8.00001, 10, 16.5],
			"rotation": {"angle": 45, "axis": "x", "origin": [6.50001, 8.5, 8]},
			"faces": {
				"north": {"uv": [1, 4, 2, 5], "rotation": 180, "texture": "#0"},
				"east": {"uv": [2, 5, 3, 8], "rotation": 90, "texture": "#0"},
				"south": {"uv": [2, 4, 3, 5], "texture": "#0"},
				"west": {"uv": [0, 5, 1, 8], "rotation": 270, "texture": "#0"},
				"up": {"uv": [1, 5, 2, 8], "texture": "#0"},
				"down": {"uv": [3, 5, 4, 8], "rotation": 180, "texture": "#0"}
			}
		},
		{
			"name": "RL2",
			"from": [4.85, 6.85, 7.35],
			"to": [8.15, 10.15, 16.65],
			"rotation": {"angle": 45, "axis": "x", "origin": [6.50001, 8.5, 8]},
			"faces": {
				"north": {"uv": [1, 8, 2, 9], "rotation": 180, "texture": "#0"},
				"east": {"uv": [2, 9, 3, 12], "rotation": 90, "texture": "#0"},
				"south": {"uv": [2, 8, 3, 9], "texture": "#0"},
				"west": {"uv": [0, 9, 1, 12], "rotation": 270, "texture": "#0"},
				"up": {"uv": [1, 9, 2, 12], "texture": "#0"},
				"down": {"uv": [3, 9, 4, 12], "rotation": 180, "texture": "#0"}
			}
		},
		{
			"name": "LL3",
			"from": [4.75, 5.88847, 5.88453],
			"to": [11.25, 9.48847, 9.58453],
			"rotation": {"angle": 22.5, "axis": "x", "origin": [9.5, 8.50001, 8]},
			"faces": {
				"north": {"uv": [0, 9, 16, 16], "texture": "#1"},
				"east": {"uv": [0, 9, 16, 16], "texture": "#1"},
				"west": {"uv": [0, 9, 16, 16], "texture": "#1"}
			}
		},
		{
			"name": "LL4",
			"from": [11.256, 2.63631, 5.22423],
			"to": [11.256, 8.80431, 7.00023],
			"rotation": {"angle": 22.5, "axis": "x", "origin": [8.72, 4.08, 8]},
			"faces": {
				"north": {"uv": [0, 0, 16, 7], "texture": "#1"},
				"east": {"uv": [0, 0, 16, 9], "rotation": 90, "texture": "#1"},
				"south": {"uv": [0, 0, 0, 0], "texture": "#1"},
				"west": {"uv": [0, 0, 16, 9], "texture": "#1"},
				"up": {"uv": [0, 0, 0, 0], "texture": "#1"},
				"down": {"uv": [0, 0, 0, 0], "rotation": 180, "texture": "#1"}
			}
		},
		{
			"name": "LL5",
			"from": [4.656, 2.63631, 5.22423],
			"to": [4.656, 8.80431, 7.00023],
			"rotation": {"angle": 22.5, "axis": "x", "origin": [8.72, 4.08, 8]},
			"faces": {
				"north": {"uv": [0, 0, 16, 7], "texture": "#1"},
				"east": {"uv": [0, 0, 16, 9], "rotation": 90, "texture": "#1"},
				"south": {"uv": [0, 0, 0, 0], "texture": "#1"},
				"west": {"uv": [0, 0, 16, 9], "texture": "#1"},
				"up": {"uv": [0, 0, 0, 0], "texture": "#1"},
				"down": {"uv": [0, 0, 0, 0], "rotation": 180, "texture": "#1"}
			}
		},
		{
			"from": [-5.47345, 0, 5.70179],
			"to": [5.52655, 24, 5.70179],
			"rotation": {"angle": -22.5, "axis": "y", "origin": [8, 8, 8]},
			"faces": {
				"north": {"uv": [0.5, 0, 0, 0.5], "texture": "#3"},
				"east": {"uv": [0, 0, 0.5, 0.5], "texture": "#3"},
				"south": {"uv": [16, 0, 8, 16], "texture": "#3"},
				"west": {"uv": [0, 0, 0.5, 0.5], "texture": "#3"},
				"up": {"uv": [0, 0, 0.5, 0.5], "texture": "#3"},
				"down": {"uv": [0, 0, 0.5, 0.5], "texture": "#3"}
			}
		},
		{
			"from": [10.47345, 0, 5.70179],
			"to": [21.47345, 24, 5.70179],
			"rotation": {"angle": 22.5, "axis": "y", "origin": [8, 8, 8]},
			"faces": {
				"north": {"uv": [0, 0, 0.5, 0.5], "texture": "#3"},
				"east": {"uv": [0, 0, 0.5, 0.5], "texture": "#3"},
				"south": {"uv": [8, 0, 16, 16], "texture": "#3"},
				"west": {"uv": [0, 0, 0.5, 0.5], "texture": "#3"},
				"up": {"uv": [0, 0, 0.5, 0.5], "texture": "#3"},
				"down": {"uv": [0, 0, 0.5, 0.5], "texture": "#3"}
			}
		},
		{
			"from": [9.20511, 10.22843, 4.5],
			"to": [17.20511, 10.22843, 12.5],
			"rotation": {"angle": 22.5, "axis": "z", "origin": [15.5, 16, 15.5]},
			"faces": {
				"north": {"uv": [0, 0, 0.5, 0.5], "texture": "#4_0"},
				"east": {"uv": [0, 0, 0.5, 0.5], "texture": "#4_0"},
				"south": {"uv": [0, 0, 0.5, 0.5], "texture": "#4_0"},
				"west": {"uv": [0, 0, 0.5, 0.5], "texture": "#4_0"},
				"up": {"uv": [0, 0, 16, 16], "texture": "#4_0"},
				"down": {"uv": [0, 0, 0.5, 0.5], "texture": "#4_0"}
			}
		}
	],
	"gui_light": "front",
	"display": {
		"ground": {
			"translation": [0, -3, 0]
		},
		"gui": {
			"rotation": [0, -180, 0],
			"translation": [0, -5, 0],
			"scale": [3, 3, 3]
		},
		"head": {
			"translation": [0, -43, 0],
			"scale": [4, 4, 4]
		},
		"fixed": {
			"translation": [0, -6.25, 0],
			"scale": [4, 4, 4]
		}
	},
	"groups": [
		{
			"name": "NPC",
			"origin": [8, 8, 8],
			"children": [
				{
					"name": "HD",
					"origin": [8, 24, 8],
					"children": [0, 1, 2]
				},
				{
					"name": "BD",
					"origin": [-16, 0, -16],
					"children": [3, 4]
				},
				{
					"name": "LA",
					"origin": [-16, 0, -16],
					"children": [5, 6]
				},
				{
					"name": "RA",
					"origin": [-16, 0, -16],
					"children": [7, 8]
				},
				{
					"name": "LG",
					"origin": [-16, 0, -16],
					"children": [9, 10]
				},
				{
					"name": "RG",
					"origin": [-16, 0, -16],
					"children": [11, 12]
				}
			]
		}, 13, 14, 15,
		{
			"name": "god_wing",
			"origin": [8, 8, 8],
			"children": [
				{
					"name": "god_wing",
					"origin": [8, 8, 8],
					"children": [16, 17]
				}
			]
		},
		{
			"name": "spell_health",
			"origin": [8, 8, 8],
			"children": [18]
		}
	]
}