{
	"credit": "Made with Blockbench",
	"textures": {
		"0": "item/npc/statue/Eve",
		"1": "item/npc/statue/Eve_2"
	},
	"elements": [
		{
			"from": [0, 0, 0],
			"to": [16, 1, 16],
			"faces": {
				"north": {"uv": [0, 0, 4, 0.25], "texture": "#missing"},
				"east": {"uv": [0, 0, 4, 0.25], "texture": "#missing"},
				"south": {"uv": [0, 0, 4, 0.25], "texture": "#missing"},
				"west": {"uv": [0, 0, 4, 0.25], "texture": "#missing"},
				"up": {"uv": [0, 0, 4, 4], "texture": "#missing"},
				"down": {"uv": [0, 0, 4, 4], "texture": "#missing"}
			}
		},
		{
			"from": [1, 1, 1],
			"to": [15, 6, 15],
			"faces": {
				"north": {"uv": [0, 0, 3.5, 1.75], "texture": "#missing"},
				"east": {"uv": [0, 0, 3.5, 1.75], "texture": "#missing"},
				"south": {"uv": [0, 0, 3.5, 1.75], "texture": "#missing"},
				"west": {"uv": [0, 0, 3.5, 1.75], "texture": "#missing"},
				"up": {"uv": [0, 0, 3.5, 3.5], "texture": "#missing"},
				"down": {"uv": [0, 0, 3.5, 3.5], "texture": "#missing"}
			}
		},
		{
			"name": "LL3",
			"from": [4.75, 11.43175, 3.58843],
			"to": [11.25, 15.03175, 7.28843],
			"rotation": {"angle": 22.5, "axis": "x", "origin": [9.5, 8.50001, 8]},
			"faces": {
				"north": {"uv": [0, 9, 16, 16], "texture": "#1"},
				"east": {"uv": [0, 9, 16, 16], "texture": "#1"},
				"west": {"uv": [0, 9, 16, 16], "texture": "#1"}
			}
		},
		{
			"name": "LL4",
			"from": [11.256, 8.17959, 2.92813],
			"to": [11.256, 14.34759, 4.70413],
			"rotation": {"angle": 22.5, "axis": "x", "origin": [8.72, 4.08, 8]},
			"faces": {
				"north": {"uv": [0, 0, 16, 7], "texture": "#1"},
				"east": {"uv": [0, 0, 16, 9], "rotation": 90, "texture": "#1"},
				"south": {"uv": [0, 0, 0, 0], "texture": "#1"},
				"west": {"uv": [0, 0, 16, 9], "texture": "#1"},
				"up": {"uv": [0, 0, 0, 0], "texture": "#1"},
				"down": {"uv": [0, 0, 0, 0], "rotation": 180, "texture": "#1"}
			}
		},
		{
			"name": "LL5",
			"from": [4.656, 8.17959, 2.92813],
			"to": [4.656, 14.34759, 4.70413],
			"rotation": {"angle": 22.5, "axis": "x", "origin": [8.72, 4.08, 8]},
			"faces": {
				"north": {"uv": [0, 0, 16, 7], "texture": "#1"},
				"east": {"uv": [0, 0, 16, 9], "rotation": 90, "texture": "#1"},
				"south": {"uv": [0, 0, 0, 0], "texture": "#1"},
				"west": {"uv": [0, 0, 16, 9], "texture": "#1"},
				"up": {"uv": [0, 0, 0, 0], "texture": "#1"},
				"down": {"uv": [0, 0, 0, 0], "rotation": 180, "texture": "#1"}
			}
		},
		{
			"name": "RL",
			"from": [5.00001, 6, 6.5],
			"to": [8.00001, 15, 9.5],
			"rotation": {"angle": 0, "axis": "x", "origin": [6.50001, 8.5, 8]},
			"faces": {
				"north": {"uv": [3, 5, 4, 8], "texture": "#0"},
				"east": {"uv": [2, 5, 3, 8], "texture": "#0"},
				"south": {"uv": [1, 5, 2, 8], "texture": "#0"},
				"west": {"uv": [0, 5, 1, 8], "texture": "#0"},
				"up": {"uv": [1, 4, 2, 5], "texture": "#0"},
				"down": {"uv": [2, 4, 3, 5], "texture": "#0"}
			}
		},
		{
			"name": "RL2",
			"from": [4.85, 5.85, 6.35],
			"to": [8.15, 15.15, 9.65],
			"rotation": {"angle": 0, "axis": "x", "origin": [6.50001, 8.5, 8]},
			"faces": {
				"north": {"uv": [3, 9, 4, 12], "texture": "#0"},
				"east": {"uv": [2, 9, 3, 12], "texture": "#0"},
				"south": {"uv": [1, 9, 2, 12], "texture": "#0"},
				"west": {"uv": [0, 9, 1, 12], "texture": "#0"},
				"up": {"uv": [1, 8, 2, 9], "texture": "#0"},
				"down": {"uv": [2, 8, 3, 9], "texture": "#0"}
			}
		},
		{
			"name": "BD2",
			"from": [4.85, 14.85, 6.35],
			"to": [11.15, 24.15, 9.65],
			"rotation": {"angle": 0, "axis": "y", "origin": [-16, 0, -16]},
			"faces": {
				"north": {"uv": [8, 9, 10, 12], "texture": "#0"},
				"east": {"uv": [7, 9, 8, 12], "texture": "#0"},
				"south": {"uv": [5, 9, 7, 12], "texture": "#0"},
				"west": {"uv": [4, 9, 5, 12], "texture": "#0"},
				"up": {"uv": [5, 8, 7, 9], "texture": "#0"},
				"down": {"uv": [7, 8, 9, 9], "texture": "#0"}
			}
		},
		{
			"name": "BD",
			"from": [5, 15, 6.5],
			"to": [11, 24, 9.5],
			"rotation": {"angle": 0, "axis": "y", "origin": [-16, 0, -16]},
			"faces": {
				"north": {"uv": [8, 5, 10, 8], "texture": "#0"},
				"east": {"uv": [7, 5, 8, 8], "texture": "#0"},
				"south": {"uv": [5, 5, 7, 8], "texture": "#0"},
				"west": {"uv": [4, 5, 5, 8], "texture": "#0"},
				"up": {"uv": [5, 4, 7, 5], "texture": "#0"},
				"down": {"uv": [7, 4, 9, 5], "texture": "#0"}
			}
		},
		{
			"name": "HD3",
			"from": [4.7, 16.64328, 2.4039],
			"to": [11.3, 23.24328, 9.0039],
			"rotation": {"angle": 22.5, "axis": "x", "origin": [8, 16.4, 8]},
			"faces": {
				"north": {"uv": [14, 14, 16, 16], "texture": "#0"},
				"east": {"uv": [14, 10.5, 16, 12.5], "texture": "#0"},
				"south": {"uv": [14, 11.25, 16, 13.25], "texture": "#0"},
				"west": {"uv": [14, 11, 16, 13], "texture": "#0"},
				"up": {"uv": [14, 11.25, 16, 13.25], "texture": "#0"},
				"down": {"uv": [14, 13, 16, 11], "texture": "#0"}
			}
		},
		{
			"name": "HD2",
			"from": [4.7, 23.24328, 2.4039],
			"to": [11.3, 29.84328, 9.0039],
			"rotation": {"angle": 22.5, "axis": "x", "origin": [8, 16.4, 8]},
			"faces": {
				"north": {"uv": [14, 2, 16, 4], "texture": "#0"},
				"east": {"uv": [12, 2, 14, 4], "texture": "#0"},
				"south": {"uv": [10, 2, 12, 4], "texture": "#0"},
				"west": {"uv": [8, 2, 10, 4], "texture": "#0"},
				"up": {"uv": [10, 0, 12, 2], "texture": "#0"},
				"down": {"uv": [12, 2, 14, 0], "texture": "#0"}
			}
		},
		{
			"name": "HD",
			"from": [5, 23.54329, 2.7039],
			"to": [11, 29.54329, 8.7039],
			"rotation": {"angle": 22.5, "axis": "x", "origin": [8, 16.4, 8]},
			"faces": {
				"north": {"uv": [6, 2, 8, 4], "texture": "#0"},
				"east": {"uv": [4, 2, 6, 4], "texture": "#0"},
				"south": {"uv": [2, 2, 4, 4], "texture": "#0"},
				"west": {"uv": [0, 2, 2, 4], "texture": "#0"},
				"up": {"uv": [2, 2, 4, 0], "texture": "#0"},
				"down": {"uv": [4, 2, 6, 0], "texture": "#0"}
			}
		},
		{
			"name": "LA2",
			"from": [10.85, 14.85, 6.35],
			"to": [13.4, 24.15, 9.65],
			"rotation": {"angle": 0, "axis": "x", "origin": [11.125, 16.5, 8]},
			"faces": {
				"north": {"uv": [12.75, 13, 13.5, 16], "texture": "#0"},
				"east": {"uv": [12.25, 13, 13.25, 16], "texture": "#0"},
				"south": {"uv": [13, 13, 13.75, 16], "texture": "#0"},
				"west": {"uv": [12, 13, 13, 16], "texture": "#0"},
				"up": {"uv": [13, 12, 13.75, 13], "texture": "#0"},
				"down": {"uv": [14, 12, 14.75, 13], "texture": "#0"}
			}
		},
		{
			"name": "LA",
			"from": [11, 15, 6.5],
			"to": [13.25, 24, 9.5],
			"rotation": {"angle": 0, "axis": "x", "origin": [11.125, 16.5, 8]},
			"faces": {
				"north": {"uv": [10.75, 13, 11.5, 16], "texture": "#0"},
				"east": {"uv": [9.75, 13, 10.75, 16], "texture": "#0"},
				"south": {"uv": [9, 13, 9.75, 16], "texture": "#0"},
				"west": {"uv": [8, 13, 9, 16], "texture": "#0"},
				"up": {"uv": [9, 12, 9.75, 13], "texture": "#0"},
				"down": {"uv": [9.75, 12, 10.5, 13], "texture": "#0"}
			}
		},
		{
			"name": "LL2",
			"from": [7.85, 5.85, 6.35],
			"to": [11.15, 15.15, 9.65],
			"rotation": {"angle": 0, "axis": "x", "origin": [9.5, 8.50001, 8]},
			"faces": {
				"north": {"uv": [3, 13, 4, 16], "texture": "#0"},
				"east": {"uv": [2, 13, 3, 16], "texture": "#0"},
				"south": {"uv": [1, 13, 2, 16], "texture": "#0"},
				"west": {"uv": [0, 13, 1, 16], "texture": "#0"},
				"up": {"uv": [1, 12, 2, 13], "texture": "#0"},
				"down": {"uv": [2, 12, 3, 13], "texture": "#0"}
			}
		},
		{
			"name": "LL",
			"from": [8, 6.00002, 6.5],
			"to": [11, 15.00002, 9.5],
			"rotation": {"angle": 0, "axis": "x", "origin": [9.5, 8.50001, 8]},
			"faces": {
				"north": {"uv": [7, 13, 8, 16], "texture": "#0"},
				"east": {"uv": [6, 13, 7, 16], "texture": "#0"},
				"south": {"uv": [5, 13, 6, 16], "texture": "#0"},
				"west": {"uv": [4, 13, 5, 16], "texture": "#0"},
				"up": {"uv": [5, 12, 6, 13], "texture": "#0"},
				"down": {"uv": [6, 12, 7, 13], "texture": "#0"}
			}
		},
		{
			"name": "RA2",
			"from": [2.6, 20.85, 6.35],
			"to": [5.15, 24.15, 15.65],
			"rotation": {"angle": 0, "axis": "x", "origin": [4.875, 16.5, 8]},
			"faces": {
				"north": {"uv": [11, 8, 11.75, 9], "rotation": 180, "texture": "#0"},
				"east": {"uv": [11.75, 9, 12.75, 12], "rotation": 90, "texture": "#0"},
				"south": {"uv": [11.75, 8, 12.5, 9], "texture": "#0"},
				"west": {"uv": [10, 9, 11, 12], "rotation": 270, "texture": "#0"},
				"up": {"uv": [11, 9, 11.75, 12], "texture": "#0"},
				"down": {"uv": [12.75, 9, 13.5, 12], "rotation": 180, "texture": "#0"}
			}
		},
		{
			"name": "RA",
			"from": [2.75, 21, 6.5],
			"to": [5, 24, 15.5],
			"rotation": {"angle": 0, "axis": "x", "origin": [4.875, 16.5, 8]},
			"faces": {
				"north": {"uv": [11, 4, 11.75, 5], "rotation": 180, "texture": "#0"},
				"east": {"uv": [11.75, 5, 12.75, 8], "rotation": 90, "texture": "#0"},
				"south": {"uv": [11.75, 4, 12.5, 5], "texture": "#0"},
				"west": {"uv": [10, 5, 11, 8], "rotation": 270, "texture": "#0"},
				"up": {"uv": [11, 5, 11.75, 8], "texture": "#0"},
				"down": {"uv": [12.75, 5, 13.5, 8], "rotation": 180, "texture": "#0"}
			}
		},
		{
			"from": [10.47345, 6, 5.70179],
			"to": [21.47345, 30, 5.70179],
			"rotation": {"angle": 22.5, "axis": "y", "origin": [8, 8, 8]},
			"faces": {
				"north": {"uv": [0, 0, 0.5, 0.5], "texture": "#missing"},
				"east": {"uv": [0, 0, 0.5, 0.5], "texture": "#missing"},
				"south": {"uv": [8, 0, 16, 16], "texture": "#missing"},
				"west": {"uv": [0, 0, 0.5, 0.5], "texture": "#missing"},
				"up": {"uv": [0, 0, 0.5, 0.5], "texture": "#missing"},
				"down": {"uv": [0, 0, 0.5, 0.5], "texture": "#missing"}
			}
		},
		{
			"from": [-5.47345, 6, 5.70179],
			"to": [5.52655, 30, 5.70179],
			"rotation": {"angle": -22.5, "axis": "y", "origin": [8, 8, 8]},
			"faces": {
				"north": {"uv": [0.5, 0, 0, 0.5], "texture": "#missing"},
				"east": {"uv": [0, 0, 0.5, 0.5], "texture": "#missing"},
				"south": {"uv": [16, 0, 8, 16], "texture": "#missing"},
				"west": {"uv": [0, 0, 0.5, 0.5], "texture": "#missing"},
				"up": {"uv": [0, 0, 0.5, 0.5], "texture": "#missing"},
				"down": {"uv": [0, 0, 0.5, 0.5], "texture": "#missing"}
			}
		},
		{
			"from": [3.59, 20.03, 12.82],
			"to": [4.25, 20.69, 16.12],
			"rotation": {"angle": 0, "axis": "x", "origin": [8.0825, 8, 8.0825]},
			"faces": {
				"north": {"uv": [3, 0, 4, 1], "rotation": 180, "texture": "#missing"},
				"east": {"uv": [3, 0, 4, 16], "rotation": 90, "texture": "#missing"},
				"south": {"uv": [3, 15, 4, 16], "rotation": 180, "texture": "#missing"},
				"west": {"uv": [3, 0, 4, 16], "rotation": 270, "texture": "#missing"},
				"up": {"uv": [3, 0, 4, 16], "texture": "#missing"},
				"down": {"uv": [3, 0, 4, 16], "rotation": 180, "texture": "#missing"}
			}
		},
		{
			"from": [3.59, 23.98995, 14.14],
			"to": [4.25, 24.64995, 14.8],
			"rotation": {"angle": 0, "axis": "x", "origin": [8.0825, 8, 8.0825]},
			"faces": {
				"north": {"uv": [6, 14.5, 7.5, 16], "rotation": 180, "texture": "#missing"},
				"east": {"uv": [6, 14.5, 7.5, 16], "rotation": 180, "texture": "#missing"},
				"south": {"uv": [6, 14.5, 7.5, 16], "rotation": 180, "texture": "#missing"},
				"west": {"uv": [6, 14.5, 7.5, 16], "rotation": 180, "texture": "#missing"},
				"up": {"uv": [6, 15.5, 7, 16], "rotation": 90, "texture": "#missing"},
				"down": {"uv": [6, 12.688, 7.5, 14.188], "rotation": 270, "texture": "#missing"}
			}
		},
		{
			"from": [3.6725, 20.69, 14.2225],
			"to": [4.1675, 23.99, 14.7175],
			"rotation": {"angle": 0, "axis": "x", "origin": [8.0825, 8, 8.0825]},
			"faces": {
				"north": {"uv": [15, 0, 16, 5], "rotation": 180, "texture": "#missing"},
				"east": {"uv": [15, 0, 16, 5], "rotation": 180, "texture": "#missing"},
				"south": {"uv": [15, 0, 16, 5], "rotation": 180, "texture": "#missing"},
				"west": {"uv": [15, 0, 16, 5], "rotation": 180, "texture": "#missing"},
				"up": {"uv": [15, 0, 16, 1], "rotation": 90, "texture": "#missing"},
				"down": {"uv": [15, 0, 16, 1], "rotation": 270, "texture": "#missing"}
			}
		},
		{
			"from": [3.854, 3.52999, 14.305],
			"to": [3.986, 4.18999, 14.635],
			"rotation": {"angle": 0, "axis": "x", "origin": [8.0825, 8, 8.0825]},
			"faces": {
				"north": {"uv": [0, 0, 0.2, 1.5], "rotation": 180, "texture": "#missing"},
				"east": {"uv": [0, 0, 2, 16], "rotation": 180, "texture": "#missing"},
				"south": {"uv": [0, 0, 0.2, 1.5], "rotation": 180, "texture": "#missing"},
				"west": {"uv": [0, 0, 1, 1.5], "rotation": 180, "texture": "#missing"},
				"up": {"uv": [0, 0, 2.813, 0.325], "rotation": 90, "texture": "#missing"},
				"down": {"uv": [0, 0, 2.875, 0.325], "rotation": 270, "texture": "#missing"}
			}
		},
		{
			"from": [3.854, 4.18999, 14.14],
			"to": [3.986, 5.17999, 14.8],
			"rotation": {"angle": 0, "axis": "x", "origin": [8.0825, 8, 8.0825]},
			"faces": {
				"north": {"uv": [0, 0, 0.2, 1.5], "rotation": 180, "texture": "#missing"},
				"east": {"uv": [0, 0, 2, 16], "rotation": 180, "texture": "#missing"},
				"south": {"uv": [0, 0, 0.2, 1.5], "rotation": 180, "texture": "#missing"},
				"west": {"uv": [0, 0, 1, 1.5], "rotation": 180, "texture": "#missing"},
				"up": {"uv": [0, 0, 2.813, 0.325], "rotation": 90, "texture": "#missing"},
				"down": {"uv": [0, 0, 2.875, 0.325], "rotation": 270, "texture": "#missing"}
			}
		},
		{
			"from": [3.854, 5.17999, 13.975],
			"to": [3.986, 20.02999, 14.965],
			"rotation": {"angle": 0, "axis": "x", "origin": [8.0825, 8, 8.0825]},
			"faces": {
				"north": {"uv": [0, 0, 0.2, 3.5], "rotation": 180, "texture": "#missing"},
				"east": {"uv": [0, 0, 2, 16], "rotation": 180, "texture": "#missing"},
				"south": {"uv": [0, 0, 0.2, 3.5], "rotation": 180, "texture": "#missing"},
				"west": {"uv": [0, 0, 1.5, 3.5], "rotation": 180, "texture": "#missing"},
				"up": {"uv": [0, 0, 2.813, 0.325], "rotation": 90, "texture": "#missing"},
				"down": {"uv": [0, 0, 2.875, 0.325], "rotation": 270, "texture": "#missing"}
			}
		}
	],
	"gui_light": "front",
	"display": {
		"head": {
			"translation": [16, -11, 16],
			"scale": [4, 4, 4]
		}
	}
}