{
	"credit": "Made with Blockbench",
	"textures": {
		"0": "item/item/hp_mp_water",
		"particle": "item/item/hp_mp_water"
	},
	"elements": [
		{
			"from": [7, 8, 7],
			"to": [9, 8.5, 9],
			"rotation": {"angle": 0, "axis": "y", "origin": [15, 15.75, 15]},
			"faces": {
				"north": {"uv": [0, 0, 2, 0.5], "texture": "#0"},
				"east": {"uv": [0, 0, 2, 0.5], "texture": "#0"},
				"south": {"uv": [0, 0, 2, 0.5], "texture": "#0"},
				"west": {"uv": [0, 0, 2, 0.5], "texture": "#0"},
				"up": {"uv": [0, 0, 2, 2], "texture": "#0"},
				"down": {"uv": [0, 0, 2, 2], "texture": "#0"}
			}
		},
		{
			"from": [7, 10.5, 7],
			"to": [9, 11, 9],
			"rotation": {"angle": 0, "axis": "y", "origin": [15, 15.75, 15]},
			"faces": {
				"north": {"uv": [0, 0, 2, 0.5], "texture": "#0"},
				"east": {"uv": [0, 0, 2, 0.5], "texture": "#0"},
				"south": {"uv": [0, 0, 2, 0.5], "texture": "#0"},
				"west": {"uv": [0, 0, 2, 0.5], "texture": "#0"},
				"up": {"uv": [0, 0, 2, 2], "texture": "#0"},
				"down": {"uv": [0, 0, 2, 2], "texture": "#0"}
			}
		},
		{
			"from": [7.05, 8.55, 7.05],
			"to": [8.95, 10.05, 8.95],
			"rotation": {"angle": 0, "axis": "y", "origin": [15.05, 15.75, 15.05]},
			"faces": {
				"north": {"uv": [14, 15.5, 16, 16], "texture": "#0"},
				"east": {"uv": [14, 15.5, 16, 16], "texture": "#0"},
				"south": {"uv": [14, 15.5, 16, 16], "texture": "#0"},
				"west": {"uv": [14, 15.5, 16, 16], "texture": "#0"},
				"up": {"uv": [14, 14, 16, 16], "texture": "#0"},
				"down": {"uv": [14, 14, 16, 16], "texture": "#0"}
			}
		},
		{
			"from": [6.5, 8.5, 7],
			"to": [7, 10.5, 9],
			"rotation": {"angle": 0, "axis": "y", "origin": [15, 15.75, 15]},
			"faces": {
				"north": {"uv": [0, 0, 0.5, 2], "texture": "#0"},
				"east": {"uv": [0, 0, 2, 2], "texture": "#0"},
				"south": {"uv": [0, 0, 0.5, 2], "texture": "#0"},
				"west": {"uv": [0, 0, 2, 2], "texture": "#0"},
				"up": {"uv": [0, 0, 0.5, 2], "texture": "#0"},
				"down": {"uv": [0, 0, 0.5, 2], "texture": "#0"}
			}
		},
		{
			"from": [7.5, 10.5, 7.5],
			"to": [8.5, 11.5, 8.5],
			"rotation": {"angle": 0, "axis": "y", "origin": [15, 15.75, 15]},
			"faces": {
				"north": {"uv": [8, 0, 10, 2], "texture": "#0"},
				"east": {"uv": [8, 0, 10, 2], "texture": "#0"},
				"south": {"uv": [8, 0, 10, 2], "texture": "#0"},
				"west": {"uv": [8, 0, 10, 2], "texture": "#0"},
				"up": {"uv": [8, 0, 10, 2], "texture": "#0"},
				"down": {"uv": [8, 0, 10, 2], "texture": "#0"}
			}
		},
		{
			"from": [7, 8.5, 6.5],
			"to": [9, 10.5, 7],
			"rotation": {"angle": 0, "axis": "y", "origin": [1, 15.75, 29]},
			"faces": {
				"north": {"uv": [3.6, 3.8, 7.6, 7.8], "texture": "#0"},
				"east": {"uv": [0, 0, 0.5, 2], "texture": "#0"},
				"south": {"uv": [0, 0, 2, 2], "texture": "#0"},
				"west": {"uv": [0, 0, 0.5, 2], "texture": "#0"},
				"up": {"uv": [0, 0, 0.5, 2], "rotation": 90, "texture": "#0"},
				"down": {"uv": [0, 0, 0.5, 2], "rotation": 270, "texture": "#0"}
			}
		},
		{
			"from": [9, 8.5, 7],
			"to": [9.5, 10.5, 9],
			"rotation": {"angle": 0, "axis": "y", "origin": [1, 15.75, 15]},
			"faces": {
				"north": {"uv": [0.5, 0, 0, 2], "texture": "#0"},
				"east": {"uv": [2, 0, 0, 2], "texture": "#0"},
				"south": {"uv": [0.5, 0, 0, 2], "texture": "#0"},
				"west": {"uv": [2, 0, 0, 2], "texture": "#0"},
				"up": {"uv": [0.5, 0, 0, 2], "texture": "#0"},
				"down": {"uv": [0.5, 0, 0, 2], "texture": "#0"}
			}
		},
		{
			"from": [7, 8.5, 9],
			"to": [9, 10.5, 9.5],
			"rotation": {"angle": 0, "axis": "y", "origin": [1, 15.75, 15]},
			"faces": {
				"north": {"uv": [2, 0, 4, 2], "texture": "#0"},
				"east": {"uv": [0.5, 0, 1, 2], "texture": "#0"},
				"south": {"uv": [2, 0, 4, 2], "texture": "#0"},
				"west": {"uv": [0.5, 0, 1, 2], "texture": "#0"},
				"up": {"uv": [0.5, 0, 1, 2], "rotation": 90, "texture": "#0"},
				"down": {"uv": [0.5, 0, 1, 2], "rotation": 270, "texture": "#0"}
			}
		}
	],
	"gui_light": "front",
	"display": {
		"ground": {
			"translation": [0, -3, 0]
		},
		"gui": {
			"rotation": [0, -180, 0],
			"translation": [0, -5, 0],
			"scale": [3, 3, 3]
		},
		"fixed": {
			"translation": [0, -6.25, 0],
			"scale": [4, 4, 4]
		}
	}
}