{
	"credit": "Made with Blockbench",
	"textures": {
		"0": "item/stone_1",
		"particle": "item/stone_1"
	},
	"elements": [
		{
			"from": [6.5, 7.5, 7],
			"to": [9.5, 8.5, 9],
			"rotation": {"angle": 0, "axis": "y", "origin": [14.5, 15.5, 15]},
			"faces": {
				"north": {"uv": [0, 0, 6, 16], "rotation": 90, "texture": "#0"},
				"east": {"uv": [0, 10, 6, 16], "texture": "#0"},
				"south": {"uv": [0, 0, 6, 16], "rotation": 270, "texture": "#0"},
				"west": {"uv": [0, 10, 6, 16], "texture": "#0"},
				"up": {"uv": [0, 0, 6, 16], "rotation": 90, "texture": "#0"},
				"down": {"uv": [0, 0, 6, 16], "rotation": 90, "texture": "#0"}
			}
		}
	],
	"display": {
		"thirdperson_righthand": {
			"rotation": [90, 90, 0],
			"translation": [0, 1, 0]
		},
		"thirdperson_lefthand": {
			"rotation": [90, 90, 0],
			"translation": [0, 1, 0]
		},
		"firstperson_righthand": {
			"rotation": [90, 90, 0],
			"translation": [0, 2, 0],
			"scale": [2, 2, 2]
		},
		"firstperson_lefthand": {
			"rotation": [90, 90, 0],
			"translation": [0, 2, 0],
			"scale": [2, 2, 2]
		},
		"ground": {
			"scale": [2, 2, 2]
		},
		"gui": {
			"rotation": [90, 45, 0],
			"scale": [4, 4, 4]
		},
		"fixed": {
			"rotation": [90, -45, 0],
			"scale": [4, 4, 4]
		}
	}
}