{
	"credit": "Made with Blockbench",
	"textures": {
		"0": "item/sword/star_moon_sword",
		"particle": "item/sword/star_moon_sword"
	},
	"elements": [
		{
			"from": [7.625, -13.5, 7.625],
			"to": [8.375, -8.5, 8.375],
			"rotation": {"angle": 0, "axis": "y", "origin": [8.125, 8, 8.125]},
			"faces": {
				"north": {"uv": [15, 0, 16, 5], "texture": "#0"},
				"east": {"uv": [15, 0, 16, 5], "texture": "#0"},
				"south": {"uv": [15, 0, 16, 5], "texture": "#0"},
				"west": {"uv": [15, 0, 16, 5], "texture": "#0"},
				"up": {"uv": [15, 0, 16, 1], "texture": "#0"},
				"down": {"uv": [15, 0, 16, 1], "texture": "#0"}
			}
		},
		{
			"from": [7.25, -15, 7.25],
			"to": [8.75, -13.5, 8.75],
			"faces": {
				"north": {"uv": [6, 14.5, 7.5, 16], "texture": "#0"},
				"east": {"uv": [6, 14.5, 7.5, 16], "texture": "#0"},
				"south": {"uv": [6, 14.5, 7.5, 16], "texture": "#0"},
				"west": {"uv": [6, 14.5, 7.5, 16], "texture": "#0"},
				"up": {"uv": [6, 12.688, 7.5, 14.188], "texture": "#0"},
				"down": {"uv": [6, 15.5, 7, 16], "texture": "#0"}
			}
		},
		{
			"from": [7.25, -8.5, 7.1],
			"to": [8.75, -7, 8.9],
			"faces": {
				"north": {"uv": [3, 11.25, 10.5, 16], "texture": "#0"},
				"east": {"uv": [3, 11.25, 4.25, 16], "texture": "#0"},
				"south": {"uv": [3, 11.25, 10.5, 16], "texture": "#0"},
				"west": {"uv": [3, 11.25, 4.25, 16], "texture": "#0"},
				"up": {"uv": [3, 11.25, 10.5, 13.25], "texture": "#0"},
				"down": {"uv": [3, 15.25, 10.5, 16], "texture": "#0"}
			}
		},
		{
			"from": [7, -7, 7],
			"to": [9, -5.5, 9],
			"faces": {
				"north": {"uv": [3, 0, 10.5, 5], "texture": "#0"},
				"east": {"uv": [3, 0, 4.25, 5], "texture": "#0"},
				"south": {"uv": [3, 0, 10.5, 5], "texture": "#0"},
				"west": {"uv": [3, 0, 4.25, 5], "texture": "#0"},
				"up": {"uv": [3, 0, 10.5, 1], "texture": "#0"},
				"down": {"uv": [3, 0, 10.5, 1], "texture": "#0"}
			}
		},
		{
			"from": [7.25, -5.5, 7.1],
			"to": [8.75, -5, 8.9],
			"faces": {
				"north": {"uv": [3, 0, 4, 3], "texture": "#0"},
				"east": {"uv": [3, 0, 4, 3], "texture": "#0"},
				"south": {"uv": [3, 0, 4, 3], "texture": "#0"},
				"west": {"uv": [3, 0, 4, 3], "texture": "#0"},
				"up": {"uv": [3, 0, 4, 1], "texture": "#0"},
				"down": {"uv": [3, 0, 4, 1], "texture": "#0"}
			}
		},
		{
			"from": [5.9, -7.75, 7.25],
			"to": [7.25, -5.95, 8.75],
			"faces": {
				"north": {"uv": [10.625, 5.5, 16, 16], "texture": "#0"},
				"east": {"uv": [10.625, 5.5, 16, 16], "texture": "#0"},
				"south": {"uv": [16, 5.5, 10.625, 16], "texture": "#0"},
				"west": {"uv": [15.938, 5.5, 16, 16], "texture": "#0"},
				"up": {"uv": [10.625, 5.5, 16, 5.6], "texture": "#0"},
				"down": {"uv": [10.625, 15.938, 16, 16], "texture": "#0"}
			}
		},
		{
			"from": [8.75, -7.75, 7.25],
			"to": [10.1, -5.95, 8.75],
			"faces": {
				"north": {"uv": [16, 5.5, 10.625, 16], "texture": "#0"},
				"east": {"uv": [16, 5.5, 15.938, 16], "texture": "#0"},
				"south": {"uv": [10.625, 5.5, 16, 16], "texture": "#0"},
				"west": {"uv": [16, 5.5, 10.625, 16], "texture": "#0"},
				"up": {"uv": [16, 5.5, 10.625, 5.6], "texture": "#0"},
				"down": {"uv": [16, 15.938, 10.625, 16], "texture": "#0"}
			}
		},
		{
			"from": [5.92307, -6.1848, 7.50052],
			"to": [6.67307, -5.1848, 8.50052],
			"rotation": {"angle": 22.5, "axis": "z", "origin": [6.375, -5.5, 8]},
			"faces": {
				"north": {"uv": [3, 13, 10.5, 14], "texture": "#0"},
				"east": {"uv": [3, 13, 4, 14], "texture": "#0"},
				"south": {"uv": [3, 13, 10.5, 14], "texture": "#0"},
				"west": {"uv": [3, 13, 4, 14], "texture": "#0"},
				"up": {"uv": [3, 13, 10.5, 14], "texture": "#0"},
				"down": {"uv": [3, 13, 10.5, 14], "texture": "#0"}
			}
		},
		{
			"from": [5.92307, -5.1848, 7.62552],
			"to": [6.67307, -4.6848, 8.37552],
			"rotation": {"angle": 22.5, "axis": "z", "origin": [6.375, -5.5, 8]},
			"faces": {
				"north": {"uv": [3, 12, 10.5, 13], "texture": "#0"},
				"east": {"uv": [3, 12, 4, 13], "texture": "#0"},
				"south": {"uv": [3, 12, 10.5, 13], "texture": "#0"},
				"west": {"uv": [3, 12, 4, 13], "texture": "#0"},
				"up": {"uv": [3, 12, 10.5, 13], "texture": "#0"},
				"down": {"uv": [3, 12, 10.5, 13], "texture": "#0"}
			}
		},
		{
			"from": [5.92307, -4.6848, 7.75052],
			"to": [6.67307, -4.1848, 8.25052],
			"rotation": {"angle": 22.5, "axis": "z", "origin": [6.375, -5.5, 8]},
			"faces": {
				"north": {"uv": [3, 11, 10.5, 12], "texture": "#0"},
				"east": {"uv": [3, 11, 4, 12], "texture": "#0"},
				"south": {"uv": [3, 11, 10.5, 12], "texture": "#0"},
				"west": {"uv": [3, 11, 4, 12], "texture": "#0"},
				"up": {"uv": [3, 11, 10.5, 12], "texture": "#0"},
				"down": {"uv": [3, 11, 10.5, 12], "texture": "#0"}
			}
		},
		{
			"from": [5.56054, -5.77794, 7.75017],
			"to": [6.31054, -5.27794, 8.25017],
			"rotation": {"angle": 45, "axis": "z", "origin": [5, -6.5, 8]},
			"faces": {
				"north": {"uv": [3, 11, 10.5, 12], "texture": "#0"},
				"east": {"uv": [3, 11, 4, 12], "texture": "#0"},
				"south": {"uv": [3, 11, 10.5, 12], "texture": "#0"},
				"west": {"uv": [3, 11, 4, 12], "texture": "#0"},
				"up": {"uv": [3, 11, 10.5, 12], "texture": "#0"},
				"down": {"uv": [3, 11, 10.5, 12], "texture": "#0"}
			}
		},
		{
			"from": [5.56054, -6.27794, 7.62517],
			"to": [6.31054, -5.77794, 8.37517],
			"rotation": {"angle": 45, "axis": "z", "origin": [5, -6.5, 8]},
			"faces": {
				"north": {"uv": [3, 12, 10.5, 13], "texture": "#0"},
				"east": {"uv": [3, 12, 4, 13], "texture": "#0"},
				"south": {"uv": [3, 12, 10.5, 13], "texture": "#0"},
				"west": {"uv": [3, 12, 4, 13], "texture": "#0"},
				"up": {"uv": [3, 12, 10.5, 13], "texture": "#0"},
				"down": {"uv": [3, 12, 10.5, 13], "texture": "#0"}
			}
		},
		{
			"from": [5.56054, -7.27794, 7.50017],
			"to": [6.31054, -6.27794, 8.50017],
			"rotation": {"angle": 45, "axis": "z", "origin": [5, -6.5, 8]},
			"faces": {
				"north": {"uv": [3, 13, 10.5, 14], "texture": "#0"},
				"east": {"uv": [3, 13, 4, 14], "texture": "#0"},
				"south": {"uv": [3, 13, 10.5, 14], "texture": "#0"},
				"west": {"uv": [3, 13, 4, 14], "texture": "#0"},
				"up": {"uv": [3, 13, 10.5, 14], "texture": "#0"},
				"down": {"uv": [3, 13, 10.5, 14], "texture": "#0"}
			}
		},
		{
			"from": [4.99825, -7.75, 7.50175],
			"to": [6.99825, -7, 8.50175],
			"rotation": {"angle": 0, "axis": "z", "origin": [5, -6.5, 8]},
			"faces": {
				"north": {"uv": [3, 13, 10.5, 14], "rotation": 90, "texture": "#0"},
				"east": {"uv": [3, 13, 10.5, 14], "rotation": 270, "texture": "#0"},
				"south": {"uv": [3, 13, 10.5, 14], "rotation": 270, "texture": "#0"},
				"west": {"uv": [3, 13, 10.5, 14], "rotation": 270, "texture": "#0"},
				"up": {"uv": [3, 13, 4, 14], "rotation": 270, "texture": "#0"},
				"down": {"uv": [3, 13, 4, 14], "rotation": 270, "texture": "#0"}
			}
		},
		{
			"from": [4.61395, -8.6732, 7.50349],
			"to": [6.61395, -7.9232, 8.50349],
			"rotation": {"angle": 22.5, "axis": "z", "origin": [5, -6.5, 8]},
			"faces": {
				"north": {"uv": [3, 13, 10.5, 14], "rotation": 90, "texture": "#0"},
				"east": {"uv": [3, 13, 10.5, 14], "rotation": 270, "texture": "#0"},
				"south": {"uv": [3, 13, 10.5, 14], "rotation": 270, "texture": "#0"},
				"west": {"uv": [3, 13, 10.5, 14], "rotation": 270, "texture": "#0"},
				"up": {"uv": [3, 13, 4, 14], "rotation": 270, "texture": "#0"},
				"down": {"uv": [3, 13, 4, 14], "rotation": 270, "texture": "#0"}
			}
		},
		{
			"from": [5, -6.75, 7.5],
			"to": [7, -6, 8.5],
			"rotation": {"angle": -22.5, "axis": "z", "origin": [5, -6.5, 8]},
			"faces": {
				"north": {"uv": [3, 13, 10.5, 14], "rotation": 90, "texture": "#0"},
				"east": {"uv": [3, 13, 10.5, 14], "rotation": 270, "texture": "#0"},
				"south": {"uv": [3, 13, 10.5, 14], "rotation": 270, "texture": "#0"},
				"west": {"uv": [3, 13, 10.5, 14], "rotation": 270, "texture": "#0"},
				"up": {"uv": [3, 13, 4, 14], "rotation": 270, "texture": "#0"},
				"down": {"uv": [3, 13, 4, 14], "rotation": 270, "texture": "#0"}
			}
		},
		{
			"from": [4.49825, -7.75, 7.62675],
			"to": [4.99825, -7, 8.37675],
			"rotation": {"angle": 0, "axis": "z", "origin": [5, -6.5, 8]},
			"faces": {
				"north": {"uv": [3, 12, 10.5, 13], "rotation": 90, "texture": "#0"},
				"east": {"uv": [3, 12, 10.5, 13], "rotation": 270, "texture": "#0"},
				"south": {"uv": [3, 12, 10.5, 13], "rotation": 270, "texture": "#0"},
				"west": {"uv": [3, 12, 10.5, 13], "rotation": 270, "texture": "#0"},
				"up": {"uv": [3, 12, 4, 13], "rotation": 270, "texture": "#0"},
				"down": {"uv": [3, 12, 4, 13], "rotation": 270, "texture": "#0"}
			}
		},
		{
			"from": [4.11395, -8.6732, 7.62849],
			"to": [4.61395, -7.9232, 8.37849],
			"rotation": {"angle": 22.5, "axis": "z", "origin": [5, -6.5, 8]},
			"faces": {
				"north": {"uv": [3, 12, 10.5, 13], "rotation": 90, "texture": "#0"},
				"east": {"uv": [3, 12, 10.5, 13], "rotation": 270, "texture": "#0"},
				"south": {"uv": [3, 12, 10.5, 13], "rotation": 270, "texture": "#0"},
				"west": {"uv": [3, 12, 10.5, 13], "rotation": 270, "texture": "#0"},
				"up": {"uv": [3, 12, 4, 13], "rotation": 270, "texture": "#0"},
				"down": {"uv": [3, 12, 4, 13], "rotation": 270, "texture": "#0"}
			}
		},
		{
			"from": [4.5, -6.75, 7.625],
			"to": [5, -6, 8.375],
			"rotation": {"angle": -22.5, "axis": "z", "origin": [5, -6.5, 8]},
			"faces": {
				"north": {"uv": [3, 12, 10.5, 13], "rotation": 90, "texture": "#0"},
				"east": {"uv": [3, 12, 10.5, 13], "rotation": 270, "texture": "#0"},
				"south": {"uv": [3, 12, 10.5, 13], "rotation": 270, "texture": "#0"},
				"west": {"uv": [3, 12, 10.5, 13], "rotation": 270, "texture": "#0"},
				"up": {"uv": [3, 12, 4, 13], "rotation": 270, "texture": "#0"},
				"down": {"uv": [3, 12, 4, 13], "rotation": 270, "texture": "#0"}
			}
		},
		{
			"from": [3.99825, -7.75, 7.75175],
			"to": [4.49825, -7, 8.25175],
			"rotation": {"angle": 0, "axis": "z", "origin": [5, -6.5, 8]},
			"faces": {
				"north": {"uv": [3, 11, 10.5, 12], "rotation": 90, "texture": "#0"},
				"east": {"uv": [3, 11, 4, 12], "rotation": 270, "texture": "#0"},
				"south": {"uv": [3, 11, 10.5, 12], "rotation": 270, "texture": "#0"},
				"west": {"uv": [3, 11, 10.5, 12], "rotation": 270, "texture": "#0"},
				"up": {"uv": [3, 11, 4, 12], "rotation": 270, "texture": "#0"},
				"down": {"uv": [3, 11, 4, 12], "rotation": 270, "texture": "#0"}
			}
		},
		{
			"from": [3.61395, -8.6732, 7.75349],
			"to": [4.11395, -7.9232, 8.25349],
			"rotation": {"angle": 22.5, "axis": "z", "origin": [5, -6.5, 8]},
			"faces": {
				"north": {"uv": [3, 11, 10.5, 12], "rotation": 90, "texture": "#0"},
				"east": {"uv": [3, 11, 4, 12], "rotation": 270, "texture": "#0"},
				"south": {"uv": [3, 11, 10.5, 12], "rotation": 270, "texture": "#0"},
				"west": {"uv": [3, 11, 10.5, 12], "rotation": 270, "texture": "#0"},
				"up": {"uv": [3, 11, 4, 12], "rotation": 270, "texture": "#0"},
				"down": {"uv": [3, 11, 4, 12], "rotation": 270, "texture": "#0"}
			}
		},
		{
			"from": [4, -6.75, 7.75],
			"to": [4.5, -6, 8.25],
			"rotation": {"angle": -22.5, "axis": "z", "origin": [5, -6.5, 8]},
			"faces": {
				"north": {"uv": [3, 11, 10.5, 12], "rotation": 90, "texture": "#0"},
				"east": {"uv": [3, 11, 4, 12], "rotation": 270, "texture": "#0"},
				"south": {"uv": [3, 11, 10.5, 12], "rotation": 270, "texture": "#0"},
				"west": {"uv": [3, 11, 10.5, 12], "rotation": 270, "texture": "#0"},
				"up": {"uv": [3, 11, 4, 12], "rotation": 270, "texture": "#0"},
				"down": {"uv": [3, 11, 4, 12], "rotation": 270, "texture": "#0"}
			}
		},
		{
			"from": [9.32693, -6.1848, 7.50052],
			"to": [10.07693, -5.1848, 8.50052],
			"rotation": {"angle": -22.5, "axis": "z", "origin": [9.625, -5.5, 8]},
			"faces": {
				"north": {"uv": [10.5, 13, 3, 14], "texture": "#0"},
				"east": {"uv": [4, 13, 3, 14], "texture": "#0"},
				"south": {"uv": [10.5, 13, 3, 14], "texture": "#0"},
				"west": {"uv": [4, 13, 3, 14], "texture": "#0"},
				"up": {"uv": [10.5, 13, 3, 14], "texture": "#0"},
				"down": {"uv": [10.5, 13, 3, 14], "texture": "#0"}
			}
		},
		{
			"from": [9.32693, -5.1848, 7.62552],
			"to": [10.07693, -4.6848, 8.37552],
			"rotation": {"angle": -22.5, "axis": "z", "origin": [9.625, -5.5, 8]},
			"faces": {
				"north": {"uv": [10.5, 12, 3, 13], "texture": "#0"},
				"east": {"uv": [4, 12, 3, 13], "texture": "#0"},
				"south": {"uv": [10.5, 12, 3, 13], "texture": "#0"},
				"west": {"uv": [4, 12, 3, 13], "texture": "#0"},
				"up": {"uv": [10.5, 12, 3, 13], "texture": "#0"},
				"down": {"uv": [10.5, 12, 3, 13], "texture": "#0"}
			}
		},
		{
			"from": [9.32693, -4.6848, 7.75052],
			"to": [10.07693, -4.1848, 8.25052],
			"rotation": {"angle": -22.5, "axis": "z", "origin": [9.625, -5.5, 8]},
			"faces": {
				"north": {"uv": [10.5, 11, 3, 12], "texture": "#0"},
				"east": {"uv": [4, 11, 3, 12], "texture": "#0"},
				"south": {"uv": [10.5, 11, 3, 12], "texture": "#0"},
				"west": {"uv": [4, 11, 3, 12], "texture": "#0"},
				"up": {"uv": [10.5, 11, 3, 12], "texture": "#0"},
				"down": {"uv": [10.5, 11, 3, 12], "texture": "#0"}
			}
		},
		{
			"from": [9.68946, -5.77794, 7.75017],
			"to": [10.43946, -5.27794, 8.25017],
			"rotation": {"angle": -45, "axis": "z", "origin": [11, -6.5, 8]},
			"faces": {
				"north": {"uv": [10.5, 11, 3, 12], "texture": "#0"},
				"east": {"uv": [4, 11, 3, 12], "texture": "#0"},
				"south": {"uv": [10.5, 11, 3, 12], "texture": "#0"},
				"west": {"uv": [4, 11, 3, 12], "texture": "#0"},
				"up": {"uv": [10.5, 11, 3, 12], "texture": "#0"},
				"down": {"uv": [10.5, 11, 3, 12], "texture": "#0"}
			}
		},
		{
			"from": [9.68946, -6.27794, 7.62517],
			"to": [10.43946, -5.77794, 8.37517],
			"rotation": {"angle": -45, "axis": "z", "origin": [11, -6.5, 8]},
			"faces": {
				"north": {"uv": [10.5, 12, 3, 13], "texture": "#0"},
				"east": {"uv": [4, 12, 3, 13], "texture": "#0"},
				"south": {"uv": [10.5, 12, 3, 13], "texture": "#0"},
				"west": {"uv": [4, 12, 3, 13], "texture": "#0"},
				"up": {"uv": [3, 12, 10.5, 13], "texture": "#0"},
				"down": {"uv": [3, 12, 10.5, 13], "texture": "#0"}
			}
		},
		{
			"from": [9.68946, -7.27794, 7.50017],
			"to": [10.43946, -6.27794, 8.50017],
			"rotation": {"angle": -45, "axis": "z", "origin": [11, -6.5, 8]},
			"faces": {
				"north": {"uv": [10.5, 13, 3, 14], "texture": "#0"},
				"east": {"uv": [4, 13, 3, 14], "texture": "#0"},
				"south": {"uv": [10.5, 13, 3, 14], "texture": "#0"},
				"west": {"uv": [4, 13, 3, 14], "texture": "#0"},
				"up": {"uv": [10.5, 13, 3, 14], "texture": "#0"},
				"down": {"uv": [10.5, 13, 3, 14], "texture": "#0"}
			}
		},
		{
			"from": [9.00175, -7.75, 7.50175],
			"to": [11.00175, -7, 8.50175],
			"rotation": {"angle": 0, "axis": "y", "origin": [11, -6.5, 8]},
			"faces": {
				"north": {"uv": [3, 14, 10.5, 13], "rotation": 90, "texture": "#0"},
				"east": {"uv": [3, 14, 10.5, 13], "rotation": 270, "texture": "#0"},
				"south": {"uv": [3, 14, 10.5, 13], "rotation": 270, "texture": "#0"},
				"west": {"uv": [3, 14, 10.5, 13], "rotation": 270, "texture": "#0"},
				"up": {"uv": [3, 14, 4, 13], "rotation": 270, "texture": "#0"},
				"down": {"uv": [3, 14, 4, 13], "rotation": 270, "texture": "#0"}
			}
		},
		{
			"from": [9.38605, -8.6732, 7.50349],
			"to": [11.38605, -7.9232, 8.50349],
			"rotation": {"angle": -22.5, "axis": "z", "origin": [11, -6.5, 8]},
			"faces": {
				"north": {"uv": [3, 14, 10.5, 13], "rotation": 90, "texture": "#0"},
				"east": {"uv": [3, 14, 10.5, 13], "rotation": 270, "texture": "#0"},
				"south": {"uv": [3, 14, 10.5, 13], "rotation": 270, "texture": "#0"},
				"west": {"uv": [3, 14, 10.5, 13], "rotation": 270, "texture": "#0"},
				"up": {"uv": [3, 14, 4, 13], "rotation": 270, "texture": "#0"},
				"down": {"uv": [3, 14, 4, 13], "rotation": 270, "texture": "#0"}
			}
		},
		{
			"from": [9, -6.75, 7.5],
			"to": [11, -6, 8.5],
			"rotation": {"angle": 22.5, "axis": "z", "origin": [11, -6.5, 8]},
			"faces": {
				"north": {"uv": [3, 14, 10.5, 13], "rotation": 90, "texture": "#0"},
				"east": {"uv": [3, 14, 10.5, 13], "rotation": 270, "texture": "#0"},
				"south": {"uv": [3, 14, 10.5, 13], "rotation": 270, "texture": "#0"},
				"west": {"uv": [3, 14, 10.5, 13], "rotation": 270, "texture": "#0"},
				"up": {"uv": [3, 14, 4, 13], "rotation": 270, "texture": "#0"},
				"down": {"uv": [3, 14, 4, 13], "rotation": 270, "texture": "#0"}
			}
		},
		{
			"from": [11.00175, -7.75, 7.62675],
			"to": [11.50175, -7, 8.37675],
			"rotation": {"angle": 0, "axis": "y", "origin": [11, -6.5, 8]},
			"faces": {
				"north": {"uv": [3, 13, 10.5, 12], "rotation": 90, "texture": "#0"},
				"east": {"uv": [3, 13, 10.5, 12], "rotation": 270, "texture": "#0"},
				"south": {"uv": [3, 13, 10.5, 12], "rotation": 270, "texture": "#0"},
				"west": {"uv": [3, 13, 10.5, 12], "rotation": 270, "texture": "#0"},
				"up": {"uv": [3, 13, 4, 12], "rotation": 270, "texture": "#0"},
				"down": {"uv": [3, 13, 4, 12], "rotation": 270, "texture": "#0"}
			}
		},
		{
			"from": [11.38605, -8.6732, 7.62849],
			"to": [11.88605, -7.9232, 8.37849],
			"rotation": {"angle": -22.5, "axis": "z", "origin": [11, -6.5, 8]},
			"faces": {
				"north": {"uv": [3, 13, 10.5, 12], "rotation": 90, "texture": "#0"},
				"east": {"uv": [3, 13, 10.5, 12], "rotation": 270, "texture": "#0"},
				"south": {"uv": [3, 13, 10.5, 12], "rotation": 270, "texture": "#0"},
				"west": {"uv": [3, 13, 10.5, 12], "rotation": 270, "texture": "#0"},
				"up": {"uv": [3, 13, 4, 12], "rotation": 270, "texture": "#0"},
				"down": {"uv": [3, 13, 4, 12], "rotation": 270, "texture": "#0"}
			}
		},
		{
			"from": [11, -6.75, 7.625],
			"to": [11.5, -6, 8.375],
			"rotation": {"angle": 22.5, "axis": "z", "origin": [11, -6.5, 8]},
			"faces": {
				"north": {"uv": [3, 13, 10.5, 12], "rotation": 90, "texture": "#0"},
				"east": {"uv": [3, 13, 10.5, 12], "rotation": 270, "texture": "#0"},
				"south": {"uv": [3, 13, 10.5, 12], "rotation": 270, "texture": "#0"},
				"west": {"uv": [3, 13, 10.5, 12], "rotation": 270, "texture": "#0"},
				"up": {"uv": [3, 13, 4, 12], "rotation": 270, "texture": "#0"},
				"down": {"uv": [3, 13, 4, 12], "rotation": 270, "texture": "#0"}
			}
		},
		{
			"from": [11.50175, -7.75, 7.75175],
			"to": [12.00175, -7, 8.25175],
			"rotation": {"angle": 0, "axis": "y", "origin": [11, -6.5, 8]},
			"faces": {
				"north": {"uv": [3, 12, 10.5, 11], "rotation": 90, "texture": "#0"},
				"east": {"uv": [3, 12, 10.5, 11], "rotation": 270, "texture": "#0"},
				"south": {"uv": [3, 12, 10.5, 11], "rotation": 270, "texture": "#0"},
				"west": {"uv": [3, 12, 4, 11], "rotation": 270, "texture": "#0"},
				"up": {"uv": [3, 12, 4, 11], "rotation": 270, "texture": "#0"},
				"down": {"uv": [3, 12, 4, 11], "rotation": 270, "texture": "#0"}
			}
		},
		{
			"from": [11.88605, -8.6732, 7.75349],
			"to": [12.38605, -7.9232, 8.25349],
			"rotation": {"angle": -22.5, "axis": "z", "origin": [11, -6.5, 8]},
			"faces": {
				"north": {"uv": [3, 12, 10.5, 11], "rotation": 90, "texture": "#0"},
				"east": {"uv": [3, 12, 10.5, 11], "rotation": 270, "texture": "#0"},
				"south": {"uv": [3, 12, 10.5, 11], "rotation": 270, "texture": "#0"},
				"west": {"uv": [3, 12, 4, 11], "rotation": 270, "texture": "#0"},
				"up": {"uv": [3, 12, 4, 11], "rotation": 270, "texture": "#0"},
				"down": {"uv": [3, 12, 4, 11], "rotation": 270, "texture": "#0"}
			}
		},
		{
			"from": [11.5, -6.75, 7.75],
			"to": [12, -6, 8.25],
			"rotation": {"angle": 22.5, "axis": "z", "origin": [11, -6.5, 8]},
			"faces": {
				"north": {"uv": [3, 12, 10.5, 11], "rotation": 90, "texture": "#0"},
				"east": {"uv": [3, 12, 10.5, 11], "rotation": 270, "texture": "#0"},
				"south": {"uv": [3, 12, 10.5, 11], "rotation": 270, "texture": "#0"},
				"west": {"uv": [3, 12, 4, 11], "rotation": 270, "texture": "#0"},
				"up": {"uv": [3, 12, 4, 11], "rotation": 270, "texture": "#0"},
				"down": {"uv": [3, 12, 4, 11], "rotation": 270, "texture": "#0"}
			}
		},
		{
			"from": [7.5, -5, 7.9],
			"to": [8.5, -4.5, 8.1],
			"rotation": {"angle": 0, "axis": "y", "origin": [15.5, 15.5, 15.5]},
			"faces": {
				"north": {"uv": [0, 0, 2.875, 16], "texture": "#0"},
				"east": {"uv": [2.5, 0.063, 2.825, 16], "texture": "#0"},
				"south": {"uv": [0, 0, 2.813, 16], "texture": "#0"},
				"west": {"uv": [0, 0, 0.263, 16], "texture": "#0"},
				"up": {"uv": [0, 0, 2.875, 0.325], "texture": "#0"},
				"down": {"uv": [0, 0, 2.813, 0.325], "texture": "#0"}
			}
		},
		{
			"from": [7.25, -4.5, 7.9],
			"to": [8.75, -4, 8.1],
			"rotation": {"angle": 0, "axis": "y", "origin": [15.5, 15.5, 15.5]},
			"faces": {
				"north": {"uv": [0, 0, 1.5, 0.5], "texture": "#0"},
				"east": {"uv": [0, 0, 0.2, 0.5], "texture": "#0"},
				"south": {"uv": [0, 0, 2, 16], "texture": "#0"},
				"west": {"uv": [0, 0, 0.2, 0.5], "texture": "#0"},
				"up": {"uv": [0, 0, 2.875, 0.325], "texture": "#0"},
				"down": {"uv": [0, 0, 2.813, 0.325], "texture": "#0"}
			}
		},
		{
			"from": [7.25, 15.5, 7.9],
			"to": [8.75, 19, 8.1],
			"rotation": {"angle": 0, "axis": "y", "origin": [15.5, 15.5, 15.5]},
			"faces": {
				"north": {"uv": [0, 0, 1.5, 3.5], "texture": "#0"},
				"east": {"uv": [0, 0, 0.2, 3.5], "texture": "#0"},
				"south": {"uv": [0, 0, 2, 16], "texture": "#0"},
				"west": {"uv": [0, 0, 0.2, 3.5], "texture": "#0"},
				"up": {"uv": [0, 0, 2.875, 0.325], "texture": "#0"},
				"down": {"uv": [0, 0, 2.813, 0.325], "texture": "#0"}
			}
		},
		{
			"from": [7, -4, 7.9],
			"to": [9, 15.5, 8.1],
			"rotation": {"angle": 0, "axis": "y", "origin": [15.5, 15.5, 15.5]},
			"faces": {
				"north": {"uv": [0, 0, 2, 16], "texture": "#0"},
				"east": {"uv": [0, 0, 0.2, 16], "texture": "#0"},
				"south": {"uv": [0, 0, 2, 16], "texture": "#0"},
				"west": {"uv": [0, 0, 0.2, 16], "texture": "#0"},
				"up": {"uv": [0, 0, 2.875, 0.325], "texture": "#0"},
				"down": {"uv": [0, 0, 2.813, 0.325], "texture": "#0"}
			}
		},
		{
			"from": [7.5, 19, 7.9],
			"to": [8.5, 20.5, 8.1],
			"rotation": {"angle": 0, "axis": "y", "origin": [15.5, 15.5, 15.5]},
			"faces": {
				"north": {"uv": [0, 0, 1, 1.5], "texture": "#0"},
				"east": {"uv": [0, 0, 0.2, 1.5], "texture": "#0"},
				"south": {"uv": [0, 0, 2, 16], "texture": "#0"},
				"west": {"uv": [0, 0, 0.2, 1.5], "texture": "#0"},
				"up": {"uv": [0, 0, 2.875, 0.325], "texture": "#0"},
				"down": {"uv": [0, 0, 2.813, 0.325], "texture": "#0"}
			}
		},
		{
			"from": [7.75, 20.5, 7.9],
			"to": [8.25, 21.5, 8.1],
			"rotation": {"angle": 0, "axis": "y", "origin": [15.5, 15.5, 15.5]},
			"faces": {
				"north": {"uv": [0, 0, 1, 1.5], "texture": "#0"},
				"east": {"uv": [0, 0, 0.2, 1.5], "texture": "#0"},
				"south": {"uv": [0, 0, 2, 16], "texture": "#0"},
				"west": {"uv": [0, 0, 0.2, 1.5], "texture": "#0"},
				"up": {"uv": [0, 0, 2.875, 0.325], "texture": "#0"},
				"down": {"uv": [0, 0, 2.813, 0.325], "texture": "#0"}
			}
		}
	],
	"gui_light": "front",
	"display": {
		"thirdperson_righthand": {
			"rotation": [0, 90, 0],
			"translation": [0, 17, 0]
		},
		"thirdperson_lefthand": {
			"rotation": [0, 90, 0],
			"translation": [0, 17, 0]
		},
		"firstperson_righthand": {
			"rotation": [0, 90, 0],
			"translation": [0, 17, 0]
		},
		"firstperson_lefthand": {
			"rotation": [0, 90, 0],
			"translation": [0, 17, 0]
		},
		"ground": {
			"rotation": [-180, 0, 0],
			"translation": [0, 10, 0]
		},
		"gui": {
			"rotation": [0, -180, 45],
			"translation": [2, 2, 0],
			"scale": [0.75, 0.55, 1]
		},
		"fixed": {
			"rotation": [-180, 0, 0],
			"translation": [0, 45, 17],
			"scale": [2, 2, 2]
		}
	},
	"groups": [
		{
			"name": "Hilt",
			"origin": [15.5, 15.5, 15.5],
			"children": [0, 1]
		},
		{
			"name": "Chappe",
			"origin": [5.5, 26.5, 15.5],
			"children": [2, 3, 4]
		},
		{
			"name": "group",
			"origin": [8, 8, 8],
			"children": [5, 6]
		},
		{
			"name": "group",
			"origin": [8, 8, 8],
			"children": [7, 8, 9, 10, 11, 12, 13, 14, 15, 16, 17, 18, 19, 20, 21]
		},
		{
			"name": "group",
			"origin": [8, 8, 8],
			"children": [
				{
					"name": "group",
					"origin": [8, 8, 8],
					"children": [22, 23, 24, 25, 26, 27, 28, 29, 30, 31, 32, 33, 34, 35, 36]
				}
			]
		},
		{
			"name": "Blade",
			"origin": [15.5, 15.5, 15.5],
			"children": [37, 38, 39, 40, 41, 42]
		}
	]
}