{
	"credit": "Made with Blockbench",
	"textures": {
		"0": "item/sword/common_sword",
		"particle": "item/sword/common_sword"
	},
	"elements": [
		{
			"from": [7.625, -6.08335, 7.625],
			"to": [8.375, -1.08335, 8.375],
			"rotation": {"angle": 0, "axis": "y", "origin": [8.125, 15.41665, 8.125]},
			"faces": {
				"north": {"uv": [15, 0, 16, 5], "texture": "#0"},
				"east": {"uv": [15, 0, 16, 5], "texture": "#0"},
				"south": {"uv": [15, 0, 16, 5], "texture": "#0"},
				"west": {"uv": [15, 0, 16, 5], "texture": "#0"},
				"up": {"uv": [15, 0, 16, 1], "texture": "#0"},
				"down": {"uv": [15, 0, 16, 1], "texture": "#0"}
			}
		},
		{
			"from": [7.5, -7.08328, 7.5],
			"to": [8.5, -6.08328, 8.5],
			"rotation": {"angle": 0, "axis": "y", "origin": [8.28846, 38.91665, 8.2116]},
			"faces": {
				"north": {"uv": [6, 14.5, 7.5, 16], "texture": "#0"},
				"east": {"uv": [6, 14.5, 7.5, 16], "texture": "#0"},
				"south": {"uv": [6, 14.5, 7.5, 16], "texture": "#0"},
				"west": {"uv": [6, 14.5, 7.5, 16], "texture": "#0"},
				"up": {"uv": [6, 12.688, 7.5, 14.188], "texture": "#0"},
				"down": {"uv": [6, 15.5, 7, 16], "texture": "#0"}
			}
		},
		{
			"from": [7.25, 0, 7.9],
			"to": [8.75, 5, 8.1],
			"rotation": {"angle": 0, "axis": "y", "origin": [15.52797, 22.91665, 15.47208]},
			"faces": {
				"north": {"uv": [0, 0, 1.5, 3.5], "texture": "#0"},
				"east": {"uv": [0, 0, 0.2, 3.5], "texture": "#0"},
				"south": {"uv": [0, 0, 2, 16], "texture": "#0"},
				"west": {"uv": [0, 0, 0.2, 3.5], "texture": "#0"},
				"up": {"uv": [0, 0, 2.875, 0.325], "texture": "#0"},
				"down": {"uv": [0, 0, 2.813, 0.325], "texture": "#0"}
			}
		},
		{
			"from": [7.5, 5, 7.9],
			"to": [8.5, 6.5, 8.1],
			"rotation": {"angle": 0, "axis": "y", "origin": [15.50699, 22.91665, 15.49302]},
			"faces": {
				"north": {"uv": [0, 0, 1, 1.5], "texture": "#0"},
				"east": {"uv": [0, 0, 0.2, 1.5], "texture": "#0"},
				"south": {"uv": [0, 0, 2, 16], "texture": "#0"},
				"west": {"uv": [0, 0, 0.2, 1.5], "texture": "#0"},
				"up": {"uv": [0, 0, 2.875, 0.325], "texture": "#0"},
				"down": {"uv": [0, 0, 2.813, 0.325], "texture": "#0"}
			}
		},
		{
			"from": [7.75, 6.5, 7.9],
			"to": [8.25, 7, 8.1],
			"rotation": {"angle": 0, "axis": "y", "origin": [15.50699, 22.91665, 15.49302]},
			"faces": {
				"north": {"uv": [0, 0, 1, 1.5], "texture": "#0"},
				"east": {"uv": [0, 0, 0.2, 1.5], "texture": "#0"},
				"south": {"uv": [0, 0, 2, 16], "texture": "#0"},
				"west": {"uv": [0, 0, 0.2, 1.5], "texture": "#0"},
				"up": {"uv": [0, 0, 2.875, 0.325], "texture": "#0"},
				"down": {"uv": [0, 0, 2.813, 0.325], "texture": "#0"}
			}
		},
		{
			"from": [7, -1.0851, 7.5],
			"to": [9, -0.0851, 8.5],
			"rotation": {"angle": 0, "axis": "y", "origin": [15.52797, 22.91665, 15.47207]},
			"faces": {
				"north": {"uv": [3, 0, 4, 16], "rotation": 90, "texture": "#0"},
				"east": {"uv": [3, 15, 4, 16], "texture": "#0"},
				"south": {"uv": [3, 0, 4, 16], "rotation": 270, "texture": "#0"},
				"west": {"uv": [3, 0, 4, 1], "texture": "#0"},
				"up": {"uv": [3, 0, 4, 16], "rotation": 270, "texture": "#0"},
				"down": {"uv": [3, 0, 4, 16], "rotation": 270, "texture": "#0"}
			}
		}
	],
	"gui_light": "front",
	"display": {
		"thirdperson_righthand": {
			"rotation": [-180, 90, 0],
			"translation": [0, -13.5, 0]
		},
		"thirdperson_lefthand": {
			"rotation": [-180, 90, 0],
			"translation": [0, -13.5, 0]
		},
		"firstperson_righthand": {
			"rotation": [90, -15, -90],
			"translation": [5, 0, 0]
		},
		"firstperson_lefthand": {
			"rotation": [90, -15, -90],
			"translation": [5, 0, 0]
		},
		"ground": {
			"rotation": [-180, 0, 0],
			"translation": [0, -5, 0]
		},
		"gui": {
			"rotation": [-180, -180, -45],
			"translation": [-6.25, -6.25, 0],
			"scale": [1.5, 1.1, 1]
		},
		"fixed": {
			"rotation": [-180, 0, 0],
			"translation": [0, 14, 17],
			"scale": [2, 2, 2]
		}
	},
	"groups": [
		{
			"name": "Hilt",
			"origin": [15.5, 15.5, 15.5],
			"children": [0, 1]
		},
		{
			"name": "Blade",
			"origin": [15.5, 15.5, 15.5],
			"children": [2, 3, 4]
		},
		{
			"name": "group",
			"origin": [8, 8, 8],
			"children": [5]
		}
	]
}