{
	"credit": "Made with Blockbench",
	"texture_size": [64, 64],
	"textures": {
		"1_0": "item/mob/spider_queen/spider_queen_c_hurt"
	},
	"elements": [
		{
			"name": "Left Arm",
			"from": [7, -15, 7],
			"to": [10, -11, 19],
			"rotation": {"angle": 0, "axis": "x", "origin": [8.5, -13, 13]},
			"faces": {
				"north": {"uv": [10.5, 12, 9.75, 13], "rotation": 180, "texture": "#1_0"},
				"east": {"uv": [8, 13, 9, 16], "rotation": 270, "texture": "#1_0"},
				"south": {"uv": [9.75, 13, 9, 12], "texture": "#1_0"},
				"west": {"uv": [9.75, 13, 10.75, 16], "rotation": 90, "texture": "#1_0"},
				"up": {"uv": [9, 13, 9.75, 16], "rotation": 180, "texture": "#1_0"},
				"down": {"uv": [10.75, 13, 11.5, 16], "texture": "#1_0"}
			}
		},
		{
			"name": "Left Arm Layer",
			"from": [6.75, -15.25, 6.75],
			"to": [10.25, -10.75, 19.25],
			"rotation": {"angle": 0, "axis": "x", "origin": [8.5, -13, 13]},
			"faces": {
				"north": {"uv": [14.5, 12, 13.75, 13], "rotation": 180, "texture": "#1_0"},
				"east": {"uv": [12, 13, 13, 16], "rotation": 270, "texture": "#1_0"},
				"south": {"uv": [13.75, 13, 13, 12], "texture": "#1_0"},
				"west": {"uv": [13.75, 13, 14.75, 16], "rotation": 90, "texture": "#1_0"},
				"up": {"uv": [13, 13, 13.75, 16], "rotation": 180, "texture": "#1_0"},
				"down": {"uv": [14.75, 13, 15.5, 16], "texture": "#1_0"}
			}
		}
	],
	"display": {
		"thirdperson_righthand": {
			"translation": [-1, 19, 1]
		},
		"thirdperson_lefthand": {
			"translation": [0, 19, 1]
		},
		"head": {
			"translation": [0, -30.5, 12.5],
			"scale": [1.55, 1.55, 1.55]
		}
	},
	"groups": [
		{
			"name": "alex",
			"origin": [8, 8, 8],
			"children": [
				{
					"name": "LeftArm",
					"origin": [-5, 22, 0],
					"children": [0, 1]
				}
			]
		}
	]
}