{
	"credit": "Made with Blockbench",
	"texture_size": [128, 128],
	"textures": {
		"0": "item/mob/spider_queen/spider_queen_a",
		"1": "item/mob/spider_queen/spider_queen_c",
		"2": "item/mob/spider_queen/spider_queen_animation",
		"particle": "item/mob/spider_queen/spider_queen_c"
	},
	"elements": [
		{
			"name": "body0",
			"from": [5, 7, -1],
			"to": [11, 13, 5],
			"rotation": {"angle": 0, "axis": "y", "origin": [8, 0, 2]},
			"faces": {
				"north": {"uv": [1.625, 3, 3.125, 6], "texture": "#0"},
				"east": {"uv": [0, 3, 1.5, 6], "texture": "#0"},
				"south": {"uv": [4.5, 3, 6, 6], "texture": "#0"},
				"west": {"uv": [3, 3, 4.5, 6], "texture": "#0"},
				"up": {"uv": [3, 0, 1.5, 3], "texture": "#0"},
				"down": {"uv": [4.5, 0, 3, 3], "texture": "#0"}
			}
		},
		{
			"name": "body1",
			"from": [3, 6, 5],
			"to": [13, 14, 17],
			"rotation": {"angle": 0, "axis": "y", "origin": [8, 9, 2]},
			"faces": {
				"north": {"uv": [3, 12, 5.5, 16], "texture": "#0"},
				"east": {"uv": [0, 12, 3, 16], "texture": "#0"},
				"south": {"uv": [8.5, 12, 11, 16], "texture": "#0"},
				"west": {"uv": [5.5, 12, 8.5, 16], "texture": "#0"},
				"up": {"uv": [5.625, 6, 3.125, 10], "texture": "#0"},
				"down": {"uv": [8, 6, 5.5, 10], "texture": "#0"}
			}
		},
		{
			"name": "Head",
			"from": [4, 23, -4],
			"to": [12, 31, 4],
			"rotation": {"angle": 0, "axis": "y", "origin": [0, 0, -8]},
			"faces": {
				"north": {"uv": [2, 2, 4, 4], "texture": "#1"},
				"east": {"uv": [0, 2, 2, 4], "texture": "#1"},
				"south": {"uv": [4, 2, 6, 4], "texture": "#1"},
				"west": {"uv": [3.875, 2, 5.875, 4], "texture": "#1"},
				"up": {"uv": [2, 2, 4, 0], "texture": "#1"},
				"down": {"uv": [4, 0, 6, 2], "texture": "#1"}
			}
		},
		{
			"name": "Hat Layer",
			"from": [3.5, 22.5, -4.5],
			"to": [12.5, 31.5, 4.5],
			"rotation": {"angle": 0, "axis": "y", "origin": [0, 0, -8]},
			"faces": {
				"north": {"uv": [10, 2, 12, 4], "texture": "#1"},
				"east": {"uv": [8.125, 2, 10.125, 4], "texture": "#1"},
				"south": {"uv": [14, 2, 16, 4], "texture": "#1"},
				"west": {"uv": [12, 2, 14, 4], "texture": "#1"},
				"up": {"uv": [10.125, 0, 12.125, 2], "texture": "#1"},
				"down": {"uv": [14, 0, 16, 2], "texture": "#1"}
			}
		},
		{
			"name": "Body",
			"from": [4, 11, -2],
			"to": [12, 23, 2],
			"rotation": {"angle": 0, "axis": "y", "origin": [0, 0, -8]},
			"faces": {
				"north": {"uv": [5, 5, 7, 8], "texture": "#1"},
				"east": {"uv": [4, 5, 5, 8], "texture": "#1"},
				"south": {"uv": [8, 5, 10, 8], "texture": "#1"},
				"west": {"uv": [7, 5, 8, 8], "texture": "#1"},
				"up": {"uv": [7, 5, 5, 4], "texture": "#1"},
				"down": {"uv": [9.125, 4.125, 7.125, 5.125], "texture": "#1"}
			}
		},
		{
			"name": "Body Layer",
			"from": [3.75, 10.75, -2.25],
			"to": [12.25, 23.25, 2.25],
			"rotation": {"angle": 0, "axis": "y", "origin": [0, 0, -8]},
			"faces": {
				"north": {"uv": [5, 9, 7, 12], "texture": "#1"},
				"east": {"uv": [4, 9, 5, 12], "texture": "#1"},
				"south": {"uv": [8, 9, 10, 12], "texture": "#1"},
				"west": {"uv": [7, 9, 8, 12], "texture": "#1"},
				"up": {"uv": [7, 9, 5, 8], "texture": "#1"},
				"down": {"uv": [9.125, 8, 7.125, 9], "texture": "#1"}
			}
		},
		{
			"name": "leg1",
			"from": [-4, 6.75, 3.125],
			"to": [5, 9, 5.375],
			"rotation": {"angle": 0, "axis": "y", "origin": [1.625, 8.375, 4.25]},
			"faces": {
				"north": {"uv": [5, 1, 7, 2], "texture": "#0"},
				"east": {"uv": [9, 1, 9.5, 2], "texture": "#0"},
				"south": {"uv": [11.5, 1, 13.5, 2], "texture": "#0"},
				"west": {"uv": [4.5, 1, 5, 2], "texture": "#0"},
				"up": {"uv": [7, 0, 5, 1], "texture": "#0"},
				"down": {"uv": [9, 0, 11, 1], "texture": "#0"}
			}
		},
		{
			"name": "leg2",
			"from": [-5.125, -1.125, 3.125],
			"to": [-2.875, 7.875, 5.375],
			"rotation": {"angle": 0, "axis": "z", "origin": [1.625, 8.375, 4.25]},
			"faces": {
				"north": {"uv": [5, 1, 7, 2], "rotation": 90, "texture": "#0"},
				"east": {"uv": [9, 0, 11, 1], "rotation": 270, "texture": "#0"},
				"south": {"uv": [11.5, 1, 13.5, 2], "rotation": 270, "texture": "#0"},
				"west": {"uv": [7, 0, 5, 1], "rotation": 270, "texture": "#0"},
				"up": {"uv": [9, 1, 9.5, 2], "rotation": 270, "texture": "#0"},
				"down": {"uv": [4.5, 1, 5, 2], "rotation": 270, "texture": "#0"}
			}
		},
		{
			"name": "leg2",
			"from": [11, 6.75, 3.125],
			"to": [20, 9, 5.375],
			"rotation": {"angle": 0, "axis": "y", "origin": [14.375, 8.375, 4.25]},
			"faces": {
				"north": {"uv": [7, 1, 5, 2], "texture": "#0"},
				"east": {"uv": [5, 1, 4.5, 2], "texture": "#0"},
				"south": {"uv": [13.5, 1, 11.5, 2], "texture": "#0"},
				"west": {"uv": [9.5, 1, 9, 2], "texture": "#0"},
				"up": {"uv": [5, 0, 7, 1], "texture": "#0"},
				"down": {"uv": [11, 0, 9, 1], "texture": "#0"}
			}
		},
		{
			"name": "leg3",
			"from": [18.875, -1.125, 3.125],
			"to": [21.125, 7.875, 5.375],
			"rotation": {"angle": 0, "axis": "z", "origin": [14.375, 8.375, 4.25]},
			"faces": {
				"north": {"uv": [5, 2, 7, 1], "rotation": 90, "texture": "#0"},
				"east": {"uv": [7, 1, 5, 0], "rotation": 270, "texture": "#0"},
				"south": {"uv": [11.5, 2, 13.5, 1], "rotation": 270, "texture": "#0"},
				"west": {"uv": [9, 1, 11, 0], "rotation": 270, "texture": "#0"},
				"up": {"uv": [9, 2, 9.5, 1], "rotation": 270, "texture": "#0"},
				"down": {"uv": [4.5, 2, 5, 1], "rotation": 270, "texture": "#0"}
			}
		},
		{
			"name": "leg2",
			"from": [-4, 6.75, 0.875],
			"to": [5, 9, 3.125],
			"rotation": {"angle": -45, "axis": "y", "origin": [4.625, 9.875, 2]},
			"faces": {
				"north": {"uv": [5, 0.5, 7, 1], "texture": "#2"},
				"east": {"uv": [9, 0.5, 9.5, 1], "texture": "#2"},
				"south": {"uv": [11.5, 0.5, 13.5, 1], "texture": "#2"},
				"west": {"uv": [4.5, 0.5, 5, 1], "texture": "#2"},
				"up": {"uv": [7, 0, 5, 0.5], "texture": "#2"},
				"down": {"uv": [9, 0, 11, 0.5], "texture": "#2"}
			}
		},
		{
			"name": "leg3",
			"from": [-5.125, -1.125, 0.875],
			"to": [-2.875, 7.875, 3.125],
			"rotation": {"angle": -45, "axis": "y", "origin": [4.625, 9.875, 2]},
			"faces": {
				"north": {"uv": [5, 0.5, 7, 1], "rotation": 90, "texture": "#2"},
				"east": {"uv": [9.5, 0.5, 11.5, 1], "rotation": 270, "texture": "#2"},
				"south": {"uv": [11.5, 0.5, 13.5, 1], "rotation": 270, "texture": "#2"},
				"west": {"uv": [7, 0.5, 5, 1], "rotation": 270, "texture": "#2"},
				"up": {"uv": [9, 0.5, 9.5, 1], "rotation": 270, "texture": "#2"},
				"down": {"uv": [4.5, 0.5, 5, 1], "rotation": 270, "texture": "#2"}
			}
		},
		{
			"name": "leg3",
			"from": [-4, 6.75, 5.375],
			"to": [5, 9, 7.625],
			"rotation": {"angle": 22.5, "axis": "y", "origin": [4.625, 8.375, 6.5]},
			"faces": {
				"north": {"uv": [5, 0.5, 7, 1], "texture": "#2"},
				"east": {"uv": [9, 0.5, 9.5, 1], "texture": "#2"},
				"south": {"uv": [11.5, 0.5, 13.5, 1], "texture": "#2"},
				"west": {"uv": [4.5, 0.5, 5, 1], "texture": "#2"},
				"up": {"uv": [7, 0, 5, 0.5], "texture": "#2"},
				"down": {"uv": [9, 0, 11, 0.5], "texture": "#2"}
			}
		},
		{
			"name": "leg4",
			"from": [-5.125, -1.125, 5.375],
			"to": [-2.875, 7.875, 7.625],
			"rotation": {"angle": 22.5, "axis": "y", "origin": [4.625, 8.375, 6.5]},
			"faces": {
				"north": {"uv": [5, 0.5, 7, 1], "rotation": 90, "texture": "#2"},
				"east": {"uv": [9.5, 0.5, 11.5, 1], "rotation": 270, "texture": "#2"},
				"south": {"uv": [11.5, 0.5, 13.5, 1], "rotation": 270, "texture": "#2"},
				"west": {"uv": [7, 0.5, 5, 1], "rotation": 270, "texture": "#2"},
				"up": {"uv": [9, 0.5, 9.5, 1], "rotation": 270, "texture": "#2"},
				"down": {"uv": [4.5, 0.5, 5, 1], "rotation": 270, "texture": "#2"}
			}
		},
		{
			"name": "leg3",
			"from": [11, 6.75, 0.875],
			"to": [20, 9, 3.125],
			"rotation": {"angle": 22.5, "axis": "y", "origin": [11.375, 8.375, 2]},
			"faces": {
				"north": {"uv": [7, 0.5, 5, 1], "texture": "#2"},
				"east": {"uv": [5, 0.5, 4.5, 1], "texture": "#2"},
				"south": {"uv": [13.5, 0.5, 11.5, 1], "texture": "#2"},
				"west": {"uv": [9.5, 0.5, 9, 1], "texture": "#2"},
				"up": {"uv": [5, 0, 7, 0.5], "texture": "#2"},
				"down": {"uv": [11, 0, 9, 0.5], "texture": "#2"}
			}
		},
		{
			"name": "leg4",
			"from": [18.875, -1.125, 0.875],
			"to": [21.125, 7.875, 3.125],
			"rotation": {"angle": 22.5, "axis": "y", "origin": [11.375, 8.375, 2]},
			"faces": {
				"north": {"uv": [5, 1, 7, 0.5], "rotation": 90, "texture": "#2"},
				"east": {"uv": [7, 1, 5, 0.5], "rotation": 270, "texture": "#2"},
				"south": {"uv": [11.5, 1, 13.5, 0.5], "rotation": 270, "texture": "#2"},
				"west": {"uv": [9.5, 1, 11.5, 0.5], "rotation": 270, "texture": "#2"},
				"up": {"uv": [9, 1, 9.5, 0.5], "rotation": 270, "texture": "#2"},
				"down": {"uv": [4.5, 1, 5, 0.5], "rotation": 270, "texture": "#2"}
			}
		},
		{
			"name": "leg4",
			"from": [11, 6.75, 5.375],
			"to": [20, 9, 7.625],
			"rotation": {"angle": -45, "axis": "y", "origin": [11.375, 8.375, 6.5]},
			"faces": {
				"north": {"uv": [7, 0.5, 5, 1], "texture": "#2"},
				"east": {"uv": [5, 0.5, 4.5, 1], "texture": "#2"},
				"south": {"uv": [13.5, 0.5, 11.5, 1], "texture": "#2"},
				"west": {"uv": [9.5, 0.5, 9, 1], "texture": "#2"},
				"up": {"uv": [5, 0, 7, 0.5], "texture": "#2"},
				"down": {"uv": [11, 0, 9, 0.5], "texture": "#2"}
			}
		},
		{
			"name": "leg5",
			"from": [18.875, -1.125, 5.375],
			"to": [21.125, 7.875, 7.625],
			"rotation": {"angle": -45, "axis": "y", "origin": [11.375, 8.375, 6.5]},
			"faces": {
				"north": {"uv": [5, 1, 7, 0.5], "rotation": 90, "texture": "#2"},
				"east": {"uv": [7, 1, 5, 0.5], "rotation": 270, "texture": "#2"},
				"south": {"uv": [11.5, 1, 13.5, 0.5], "rotation": 270, "texture": "#2"},
				"west": {"uv": [9.5, 1, 11.5, 0.5], "rotation": 270, "texture": "#2"},
				"up": {"uv": [9, 1, 9.5, 0.5], "rotation": 270, "texture": "#2"},
				"down": {"uv": [4.5, 1, 5, 0.5], "rotation": 270, "texture": "#2"}
			}
		},
		{
			"name": "leg3",
			"from": [-4, 6.75, 0.875],
			"to": [5, 9, 3.125],
			"rotation": {"angle": -22.5, "axis": "y", "origin": [4.625, 8.375, 2]},
			"faces": {
				"north": {"uv": [5, 8.5, 7, 9], "texture": "#2"},
				"east": {"uv": [9, 8.5, 9.5, 9], "texture": "#2"},
				"south": {"uv": [11.5, 8.5, 13.5, 9], "texture": "#2"},
				"west": {"uv": [4.5, 8.5, 5, 9], "texture": "#2"},
				"up": {"uv": [7, 8, 5, 8.5], "texture": "#2"},
				"down": {"uv": [9, 8, 11, 8.5], "texture": "#2"}
			}
		},
		{
			"name": "leg4",
			"from": [-5.125, -1.125, 0.875],
			"to": [-2.875, 7.875, 3.125],
			"rotation": {"angle": -22.5, "axis": "y", "origin": [4.625, 8.375, 2]},
			"faces": {
				"north": {"uv": [5, 8.5, 7, 9], "rotation": 90, "texture": "#2"},
				"east": {"uv": [9.5, 8.5, 11.5, 9], "rotation": 270, "texture": "#2"},
				"south": {"uv": [11.5, 8.5, 13.5, 9], "rotation": 270, "texture": "#2"},
				"west": {"uv": [7, 8.5, 5, 9], "rotation": 270, "texture": "#2"},
				"up": {"uv": [9, 8, 9.5, 8.5], "rotation": 270, "texture": "#2"},
				"down": {"uv": [4.5, 8, 5, 8.5], "rotation": 270, "texture": "#2"}
			}
		},
		{
			"name": "leg4",
			"from": [-4, 6.75, 5.375],
			"to": [5, 9, 7.625],
			"rotation": {"angle": 45, "axis": "y", "origin": [4.625, 8.375, 6.5]},
			"faces": {
				"north": {"uv": [5, 8.5, 7, 9], "texture": "#2"},
				"east": {"uv": [9, 8.5, 9.5, 9], "texture": "#2"},
				"south": {"uv": [11.5, 8.5, 13.5, 9], "texture": "#2"},
				"west": {"uv": [4.5, 8.5, 5, 9], "texture": "#2"},
				"up": {"uv": [7, 8, 5, 8.5], "texture": "#2"},
				"down": {"uv": [9, 8, 11, 8.5], "texture": "#2"}
			}
		},
		{
			"name": "leg5",
			"from": [-5.125, -1.125, 5.375],
			"to": [-2.875, 7.875, 7.625],
			"rotation": {"angle": 45, "axis": "y", "origin": [4.625, 8.375, 6.5]},
			"faces": {
				"north": {"uv": [5, 8.5, 7, 9], "rotation": 90, "texture": "#2"},
				"east": {"uv": [9.5, 8.5, 11.5, 9], "rotation": 270, "texture": "#2"},
				"south": {"uv": [11.5, 8.5, 13.5, 9], "rotation": 270, "texture": "#2"},
				"west": {"uv": [7, 8.5, 5, 9], "rotation": 270, "texture": "#2"},
				"up": {"uv": [9, 8, 9.5, 8.5], "rotation": 270, "texture": "#2"},
				"down": {"uv": [4.5, 8, 5, 8.5], "rotation": 270, "texture": "#2"}
			}
		},
		{
			"name": "leg4",
			"from": [11, 6.75, 0.875],
			"to": [20, 9, 3.125],
			"rotation": {"angle": 45, "axis": "y", "origin": [11.375, 8.375, 2]},
			"faces": {
				"north": {"uv": [7, 8.5, 5, 9], "texture": "#2"},
				"east": {"uv": [5, 8.5, 4.5, 9], "texture": "#2"},
				"south": {"uv": [13.5, 8.5, 11.5, 9], "texture": "#2"},
				"west": {"uv": [9.5, 8.5, 9, 9], "texture": "#2"},
				"up": {"uv": [5, 8, 7, 8.5], "texture": "#2"},
				"down": {"uv": [11, 8, 9, 8.5], "texture": "#2"}
			}
		},
		{
			"name": "leg5",
			"from": [18.875, -1.125, 0.875],
			"to": [21.125, 7.875, 3.125],
			"rotation": {"angle": 45, "axis": "y", "origin": [11.375, 8.375, 2]},
			"faces": {
				"north": {"uv": [5, 9, 7, 8.5], "rotation": 90, "texture": "#2"},
				"east": {"uv": [7, 9, 5, 8.5], "rotation": 270, "texture": "#2"},
				"south": {"uv": [11.5, 9, 13.5, 8.5], "rotation": 270, "texture": "#2"},
				"west": {"uv": [9.5, 9, 11.5, 8.5], "rotation": 270, "texture": "#2"},
				"up": {"uv": [9, 9, 9.5, 8.5], "rotation": 270, "texture": "#2"},
				"down": {"uv": [4.5, 9, 5, 8.5], "rotation": 270, "texture": "#2"}
			}
		},
		{
			"name": "leg5",
			"from": [11, 6.75, 5.375],
			"to": [20, 9, 7.625],
			"rotation": {"angle": -22.5, "axis": "y", "origin": [11.375, 8.375, 6.5]},
			"faces": {
				"north": {"uv": [7, 8.5, 5, 9], "texture": "#2"},
				"east": {"uv": [5, 8.5, 4.5, 9], "texture": "#2"},
				"south": {"uv": [13.5, 8.5, 11.5, 9], "texture": "#2"},
				"west": {"uv": [9.5, 8.5, 9, 9], "texture": "#2"},
				"up": {"uv": [5, 8, 7, 8.5], "texture": "#2"},
				"down": {"uv": [11, 8, 9, 8.5], "texture": "#2"}
			}
		},
		{
			"name": "leg6",
			"from": [18.875, -1.125, 5.375],
			"to": [21.125, 7.875, 7.625],
			"rotation": {"angle": -22.5, "axis": "y", "origin": [11.375, 8.375, 6.5]},
			"faces": {
				"north": {"uv": [5, 9, 7, 8.5], "rotation": 90, "texture": "#2"},
				"east": {"uv": [7, 9, 5, 8.5], "rotation": 270, "texture": "#2"},
				"south": {"uv": [11, 8.5, 13, 8], "rotation": 270, "texture": "#2"},
				"west": {"uv": [9.5, 9, 11.5, 8.5], "rotation": 270, "texture": "#2"},
				"up": {"uv": [9, 9, 9.5, 8.5], "rotation": 270, "texture": "#2"},
				"down": {"uv": [4.5, 9, 5, 8.5], "rotation": 270, "texture": "#2"}
			}
		}
	],
	"display": {
		"head": {
			"translation": [0, -30.5, 12.5],
			"scale": [1.55, 1.55, 1.55]
		}
	},
	"groups": [
		{
			"name": "body0",
			"origin": [0, 9, 0],
			"children": [0]
		},
		{
			"name": "body1",
			"origin": [0, 9, 9],
			"children": [1]
		},
		{
			"name": "steve",
			"origin": [8, 8, 8],
			"children": [
				{
					"name": "Head",
					"origin": [0, 24, 0],
					"children": [2, 3]
				},
				{
					"name": "Body",
					"origin": [0, 24, 0],
					"children": [4, 5]
				}
			]
		},
		{
			"name": "legleft",
			"origin": [8, 8, 8],
			"children": [
				{
					"name": "leg2left",
					"origin": [-4, 9, 2],
					"children": [6, 7]
				}
			]
		},
		{
			"name": "legright",
			"origin": [8, 8, 8],
			"children": [
				{
					"name": "leg2right",
					"origin": [-4, 9, 2],
					"children": [8, 9]
				}
			]
		},
		{
			"name": "moving1",
			"origin": [8, 8, 8],
			"children": [
				{
					"name": "leg1left",
					"origin": [-4, 9, 2],
					"children": [10, 11]
				},
				{
					"name": "leg3left",
					"origin": [-4, 9, 2],
					"children": [12, 13]
				},
				{
					"name": "leg1right",
					"origin": [-4, 9, 2],
					"children": [14, 15]
				},
				{
					"name": "leg3right",
					"origin": [-4, 9, 2],
					"children": [16, 17]
				}
			]
		},
		{
			"name": "moving2",
			"origin": [8, 8, 8],
			"children": [
				{
					"name": "leg1left",
					"origin": [-4, 9, 2],
					"children": [18, 19]
				},
				{
					"name": "leg3left",
					"origin": [-4, 9, 2],
					"children": [20, 21]
				},
				{
					"name": "leg1right",
					"origin": [-4, 9, 2],
					"children": [22, 23]
				},
				{
					"name": "leg3right",
					"origin": [-4, 9, 2],
					"children": [24, 25]
				}
			]
		}
	]
}