{
	"credit": "Made with Blockbench",
	"texture_size": [64, 64],
	"textures": {
		"1_0": "item/mob/spider_queen/spider_queen_c"
	},
	"elements": [
		{
			"name": "Right Arm",
			"from": [7, -15, 10],
			"to": [10, -11, 22],
			"rotation": {"angle": 0, "axis": "x", "origin": [8.5, -13, 16]},
			"faces": {
				"north": {"uv": [12.5, 4, 11.75, 5], "rotation": 180, "texture": "#1_0"},
				"east": {"uv": [10, 5, 11, 8], "rotation": 270, "texture": "#1_0"},
				"south": {"uv": [11.75, 5, 11, 4], "texture": "#1_0"},
				"west": {"uv": [11.75, 5, 12.75, 8], "rotation": 90, "texture": "#1_0"},
				"up": {"uv": [11, 5, 11.75, 8], "rotation": 180, "texture": "#1_0"},
				"down": {"uv": [12.75, 5, 13.5, 8], "texture": "#1_0"}
			}
		},
		{
			"name": "Right Arm Layer",
			"from": [6.75, -15.25, 9.75],
			"to": [10.25, -10.75, 22.25],
			"rotation": {"angle": 0, "axis": "x", "origin": [8.5, -13, 16]},
			"faces": {
				"north": {"uv": [12.5, 8, 11.75, 9], "rotation": 180, "texture": "#1_0"},
				"east": {"uv": [10, 9, 11, 12], "rotation": 270, "texture": "#1_0"},
				"south": {"uv": [11.75, 9, 11, 8], "texture": "#1_0"},
				"west": {"uv": [11.75, 9, 12.75, 12], "rotation": 90, "texture": "#1_0"},
				"up": {"uv": [11, 9, 11.75, 12], "rotation": 180, "texture": "#1_0"},
				"down": {"uv": [12.75, 9, 13.5, 12], "texture": "#1_0"}
			}
		}
	],
	"display": {
		"thirdperson_righthand": {
			"translation": [-1, 19, -2]
		},
		"thirdperson_lefthand": {
			"translation": [0, 19, -2]
		},
		"head": {
			"translation": [0, -30.5, 12.5],
			"scale": [1.55, 1.55, 1.55]
		}
	},
	"groups": [
		{
			"name": "alex",
			"origin": [8, 8, 8],
			"children": [
				{
					"name": "RightArm",
					"origin": [5, 22, 0],
					"children": [0, 1]
				}
			]
		}
	]
}