{
	"credit": "Made with Blockbench",
	"textures": {
		"layer0": "item/effect/slash_4"
	},
	"elements": [
		{
			"from": [-4.8, -8.96, -12.48],
			"to": [-4.8, 32, 28.48],
			"rotation": {"angle": 22.5, "axis": "z", "origin": [8, 7.30632, 8]},
			"faces": {
				"north": {"uv": [0, 0, 16, 0], "rotation": 90, "texture": "#layer0"},
				"east": {"uv": [0, 0, 16, 0.5], "rotation": 180, "texture": "#layer0"},
				"south": {"uv": [0, 0, 16, 0], "rotation": 270, "texture": "#layer0"},
				"west": {"uv": [0, 16, 16, 0], "rotation": 180, "texture": "#layer0"},
				"up": {"uv": [0, 0, 16, 0], "rotation": 270, "texture": "#layer0"},
				"down": {"uv": [0, 0, 16, 0], "rotation": 270, "texture": "#layer0"}
			}
		},
		{
			"from": [-4.8, -12.96, -12.48],
			"to": [-4.8, 28, 28.48],
			"rotation": {"angle": 45, "axis": "y", "origin": [8, 7.30632, 8]},
			"faces": {
				"north": {"uv": [0, 0, 16, 0], "rotation": 90, "texture": "#layer0"},
				"east": {"uv": [0, 0, 16, 0.5], "rotation": 180, "texture": "#layer0"},
				"south": {"uv": [0, 0, 16, 0], "rotation": 270, "texture": "#layer0"},
				"west": {"uv": [0, 16, 16, 0], "rotation": 180, "texture": "#layer0"},
				"up": {"uv": [0, 0, 16, 0], "rotation": 270, "texture": "#layer0"},
				"down": {"uv": [0, 0, 16, 0], "rotation": 270, "texture": "#layer0"}
			}
		},
		{
			"from": [-12.48, -8.96, 20.8],
			"to": [28.48, 32, 20.8],
			"rotation": {"angle": 22.5, "axis": "x", "origin": [8, 7.30632, 8]},
			"faces": {
				"north": {"uv": [0, 0, 16, 0.5], "rotation": 180, "texture": "#layer0"},
				"east": {"uv": [0, 0, 16, 0], "rotation": 270, "texture": "#layer0"},
				"south": {"uv": [0, 16, 16, 0], "rotation": 180, "texture": "#layer0"},
				"west": {"uv": [0, 0, 16, 0], "rotation": 90, "texture": "#layer0"},
				"up": {"uv": [0, 0, 16, 0], "rotation": 180, "texture": "#layer0"},
				"down": {"uv": [0, 0, 16, 0], "texture": "#layer0"}
			}
		},
		{
			"from": [-12.48, -12.96, 20.8],
			"to": [28.48, 28, 20.8],
			"rotation": {"angle": 45, "axis": "y", "origin": [8, 7.30632, 8]},
			"faces": {
				"north": {"uv": [0, 0, 16, 0.5], "rotation": 180, "texture": "#layer0"},
				"east": {"uv": [0, 0, 16, 0], "rotation": 270, "texture": "#layer0"},
				"south": {"uv": [0, 16, 16, 0], "rotation": 180, "texture": "#layer0"},
				"west": {"uv": [0, 0, 16, 0], "rotation": 90, "texture": "#layer0"},
				"up": {"uv": [0, 0, 16, 0], "rotation": 180, "texture": "#layer0"},
				"down": {"uv": [0, 0, 16, 0], "texture": "#layer0"}
			}
		},
		{
			"from": [20.8, -8.96, -12.48],
			"to": [20.8, 32, 28.48],
			"rotation": {"angle": -22.5, "axis": "z", "origin": [8, 7.30632, 8]},
			"faces": {
				"north": {"uv": [0, 0, 16, 0], "rotation": 270, "texture": "#layer0"},
				"east": {"uv": [0, 16, 16, 0], "rotation": 180, "texture": "#layer0"},
				"south": {"uv": [0, 0, 16, 0], "rotation": 90, "texture": "#layer0"},
				"west": {"uv": [0, 0, 16, 0.5], "rotation": 180, "texture": "#layer0"},
				"up": {"uv": [0, 0, 16, 0], "rotation": 90, "texture": "#layer0"},
				"down": {"uv": [0, 0, 16, 0], "rotation": 90, "texture": "#layer0"}
			}
		},
		{
			"from": [20.8, -12.96, -12.48],
			"to": [20.8, 28, 28.48],
			"rotation": {"angle": 45, "axis": "y", "origin": [8, 7.30632, 8]},
			"faces": {
				"north": {"uv": [0, 0, 16, 0], "rotation": 270, "texture": "#layer0"},
				"east": {"uv": [0, 16, 16, 0], "rotation": 180, "texture": "#layer0"},
				"south": {"uv": [0, 0, 16, 0], "rotation": 90, "texture": "#layer0"},
				"west": {"uv": [0, 0, 16, 0.5], "rotation": 180, "texture": "#layer0"},
				"up": {"uv": [0, 0, 16, 0], "rotation": 90, "texture": "#layer0"},
				"down": {"uv": [0, 0, 16, 0], "rotation": 90, "texture": "#layer0"}
			}
		},
		{
			"from": [-12.48, -8.96, -4.8],
			"to": [28.48, 32, -4.8],
			"rotation": {"angle": -22.5, "axis": "x", "origin": [8, 7.30632, 8]},
			"faces": {
				"north": {"uv": [0, 16, 16, 0], "rotation": 180, "texture": "#layer0"},
				"east": {"uv": [0, 0, 16, 0], "rotation": 90, "texture": "#layer0"},
				"south": {"uv": [0, 0, 16, 0.5], "rotation": 180, "texture": "#layer0"},
				"west": {"uv": [0, 0, 16, 0], "rotation": 270, "texture": "#layer0"},
				"up": {"uv": [0, 0, 16, 0], "texture": "#layer0"},
				"down": {"uv": [0, 0, 16, 0], "rotation": 180, "texture": "#layer0"}
			}
		},
		{
			"from": [-12.48, -12.96, -4.8],
			"to": [28.48, 28, -4.8],
			"rotation": {"angle": 45, "axis": "y", "origin": [8, 7.30632, 8]},
			"faces": {
				"north": {"uv": [0, 16, 16, 0], "rotation": 180, "texture": "#layer0"},
				"east": {"uv": [0, 0, 16, 0], "rotation": 90, "texture": "#layer0"},
				"south": {"uv": [0, 0, 16, 0.5], "rotation": 180, "texture": "#layer0"},
				"west": {"uv": [0, 0, 16, 0], "rotation": 270, "texture": "#layer0"},
				"up": {"uv": [0, 0, 16, 0], "texture": "#layer0"},
				"down": {"uv": [0, 0, 16, 0], "rotation": 180, "texture": "#layer0"}
			}
		}
	],
	"display": {
		"thirdperson_righthand": {
			"rotation": [0, 90, -125],
			"translation": [0, 1, 0],
			"scale": [0.2, 0.2, 0.2]
		},
		"thirdperson_lefthand": {
			"rotation": [-180, 90, -45],
			"translation": [0, 1, 0],
			"scale": [0.2, 0.2, 0.2]
		},
		"firstperson_righthand": {
			"rotation": [-180, 0, 0],
			"translation": [0, 2, 0],
			"scale": [4, 4, 4]
		},
		"firstperson_lefthand": {
			"rotation": [0, 0, -180],
			"translation": [0, 2, 0],
			"scale": [0.5, 0.5, 0.5]
		},
		"head": {
			"translation": [0, -20, 0],
			"scale": [4, 4, 4]
		}
	}
}