{
	"credit": "Made with Blockbench",
	"texture_size": [64, 64],
	"textures": {
		"0": "item/npc/shirley_coc/reminia",
		"particle": "item/item/hp_mp_water",
		"1_0": "item/item/hp_mp_water"
	},
	"elements": [
		{
			"name": "HD",
			"from": [5, 18.00001, 5],
			"to": [11, 24.00001, 11],
			"rotation": {"angle": -22.5, "axis": "x", "origin": [8, 17, 8]},
			"faces": {
				"north": {"uv": [6, 2, 8, 4], "texture": "#0"},
				"east": {"uv": [4, 2, 6, 4], "texture": "#0"},
				"south": {"uv": [2, 2, 4, 4], "texture": "#0"},
				"west": {"uv": [0, 2, 2, 4], "texture": "#0"},
				"up": {"uv": [2, 2, 4, 0], "texture": "#0"},
				"down": {"uv": [4, 2, 6, 0], "texture": "#0"}
			}
		},
		{
			"name": "HD2",
			"from": [4.7, 17.7, 4.7],
			"to": [11.3, 24.3, 11.3],
			"rotation": {"angle": -22.5, "axis": "x", "origin": [8, 17, 8]},
			"faces": {
				"north": {"uv": [14, 2, 16, 4], "texture": "#0"},
				"east": {"uv": [12, 2, 14, 4], "texture": "#0"},
				"south": {"uv": [10, 2, 12, 4], "texture": "#0"},
				"west": {"uv": [8, 2, 10, 4], "texture": "#0"},
				"up": {"uv": [10, 0, 12, 2], "texture": "#0"},
				"down": {"uv": [12, 2, 14, 0], "texture": "#0"}
			}
		},
		{
			"name": "BD",
			"from": [5, 9, 6.5],
			"to": [11, 18, 9.5],
			"rotation": {"angle": 0, "axis": "y", "origin": [-16, 0, -16]},
			"faces": {
				"north": {"uv": [8, 5, 10, 8], "texture": "#0"},
				"east": {"uv": [7, 5, 8, 8], "texture": "#0"},
				"south": {"uv": [5, 5, 7, 8], "texture": "#0"},
				"west": {"uv": [4, 5, 5, 8], "texture": "#0"},
				"up": {"uv": [5, 4, 7, 5], "texture": "#0"},
				"down": {"uv": [7, 4, 9, 5], "texture": "#0"}
			}
		},
		{
			"name": "BD2",
			"from": [4.85, 8.85, 6.35],
			"to": [11.15, 18.15, 9.65],
			"rotation": {"angle": 0, "axis": "y", "origin": [-16, 0, -16]},
			"faces": {
				"north": {"uv": [8, 9, 10, 12], "texture": "#0"},
				"east": {"uv": [7, 9, 8, 12], "texture": "#0"},
				"south": {"uv": [5, 9, 7, 12], "texture": "#0"},
				"west": {"uv": [4, 9, 5, 12], "texture": "#0"},
				"up": {"uv": [5, 8, 7, 9], "texture": "#0"},
				"down": {"uv": [7, 8, 9, 9], "texture": "#0"}
			}
		},
		{
			"name": "LA",
			"from": [11, 9, 6.5],
			"to": [13.25, 18, 9.5],
			"rotation": {"angle": 22.5, "axis": "z", "origin": [11.125, 17.5, 8]},
			"faces": {
				"north": {"uv": [10.75, 13, 11.5, 16], "texture": "#0"},
				"east": {"uv": [9.75, 13, 10.75, 16], "texture": "#0"},
				"south": {"uv": [9, 13, 9.75, 16], "texture": "#0"},
				"west": {"uv": [8, 13, 9, 16], "texture": "#0"},
				"up": {"uv": [9, 12, 9.75, 13], "texture": "#0"},
				"down": {"uv": [9.75, 12, 10.5, 13], "texture": "#0"}
			}
		},
		{
			"name": "LA2",
			"from": [10.85, 8.85, 6.35],
			"to": [13.4, 18.15, 9.65],
			"rotation": {"angle": 22.5, "axis": "z", "origin": [11.125, 17.5, 8]},
			"faces": {
				"north": {"uv": [14.75, 13, 15.5, 16], "texture": "#0"},
				"east": {"uv": [13.75, 13, 14.75, 16], "texture": "#0"},
				"south": {"uv": [13, 13, 13.75, 16], "texture": "#0"},
				"west": {"uv": [12, 13, 13, 16], "texture": "#0"},
				"up": {"uv": [13, 12, 13.75, 13], "texture": "#0"},
				"down": {"uv": [14, 12, 14.75, 13], "texture": "#0"}
			}
		},
		{
			"name": "RA",
			"from": [2.75, 16, 7.5],
			"to": [5, 19, 16.5],
			"rotation": {"angle": -45, "axis": "x", "origin": [4.875, 17.5, 8]},
			"faces": {
				"north": {"uv": [11, 4, 11.75, 5], "rotation": 180, "texture": "#0"},
				"east": {"uv": [10, 5, 11, 8], "rotation": 90, "texture": "#0"},
				"south": {"uv": [11.75, 4, 12.5, 5], "texture": "#0"},
				"west": {"uv": [11.75, 5, 12.75, 8], "rotation": 270, "texture": "#0"},
				"up": {"uv": [11, 5, 11.75, 8], "texture": "#0"},
				"down": {"uv": [12.75, 5, 13.5, 8], "rotation": 180, "texture": "#0"}
			}
		},
		{
			"name": "RA2",
			"from": [2.6, 15.85, 7.35],
			"to": [5.15, 19.15, 16.65],
			"rotation": {"angle": -45, "axis": "x", "origin": [4.875, 17.5, 8]},
			"faces": {
				"north": {"uv": [11, 8, 11.75, 9], "rotation": 180, "texture": "#0"},
				"east": {"uv": [11.75, 9, 12.75, 12], "rotation": 90, "texture": "#0"},
				"south": {"uv": [11.75, 8, 12.5, 9], "texture": "#0"},
				"west": {"uv": [10, 9, 11, 12], "rotation": 270, "texture": "#0"},
				"up": {"uv": [11, 9, 11.75, 12], "texture": "#0"},
				"down": {"uv": [12.75, 9, 13.5, 12], "rotation": 180, "texture": "#0"}
			}
		},
		{
			"name": "LL",
			"from": [8, 0.00002, 6.5],
			"to": [11, 9.00002, 9.5],
			"rotation": {"angle": 0, "axis": "x", "origin": [9.5, 8.50001, 8]},
			"faces": {
				"north": {"uv": [7, 13, 8, 16], "texture": "#0"},
				"east": {"uv": [6, 13, 7, 16], "texture": "#0"},
				"south": {"uv": [5, 13, 6, 16], "texture": "#0"},
				"west": {"uv": [4, 13, 5, 16], "texture": "#0"},
				"up": {"uv": [5, 12, 6, 13], "texture": "#0"},
				"down": {"uv": [6, 12, 7, 13], "texture": "#0"}
			}
		},
		{
			"name": "LL2",
			"from": [7.85, -0.15, 6.35],
			"to": [11.15, 9.15, 9.65],
			"rotation": {"angle": 0, "axis": "x", "origin": [9.5, 8.50001, 8]},
			"faces": {
				"north": {"uv": [3, 13, 4, 16], "texture": "#0"},
				"east": {"uv": [2, 13, 3, 16], "texture": "#0"},
				"south": {"uv": [1, 13, 2, 16], "texture": "#0"},
				"west": {"uv": [0, 13, 1, 16], "texture": "#0"},
				"up": {"uv": [1, 12, 2, 13], "texture": "#0"},
				"down": {"uv": [2, 12, 3, 13], "texture": "#0"}
			}
		},
		{
			"name": "RL",
			"from": [5.00001, 0, 6.5],
			"to": [8.00001, 9, 9.5],
			"rotation": {"angle": 0, "axis": "y", "origin": [6.50001, 8.5, 8]},
			"faces": {
				"north": {"uv": [3, 5, 4, 8], "texture": "#0"},
				"east": {"uv": [2, 5, 3, 8], "texture": "#0"},
				"south": {"uv": [1, 5, 2, 8], "texture": "#0"},
				"west": {"uv": [0, 5, 1, 8], "texture": "#0"},
				"up": {"uv": [1, 4, 2, 5], "texture": "#0"},
				"down": {"uv": [2, 4, 3, 5], "texture": "#0"}
			}
		},
		{
			"name": "RL2",
			"from": [4.85, -0.15, 6.35],
			"to": [8.15, 9.15, 9.65],
			"rotation": {"angle": 0, "axis": "y", "origin": [6.50001, 8.5, 8]},
			"faces": {
				"north": {"uv": [3, 9, 4, 12], "texture": "#0"},
				"east": {"uv": [2, 9, 3, 12], "texture": "#0"},
				"south": {"uv": [1, 9, 2, 12], "texture": "#0"},
				"west": {"uv": [0, 9, 1, 12], "texture": "#0"},
				"up": {"uv": [1, 8, 2, 9], "texture": "#0"},
				"down": {"uv": [2, 8, 3, 9], "texture": "#0"}
			}
		},
		{
			"from": [3.527, 15.05304, 20.29943],
			"to": [4.473, 15.28954, 21.24543],
			"rotation": {"angle": -45, "axis": "x", "origin": [11.311, 11.66575, 11.311]},
			"faces": {
				"north": {"uv": [0, 0, 2, 0.5], "texture": "#1_0"},
				"east": {"uv": [0, 0, 2, 0.5], "texture": "#1_0"},
				"south": {"uv": [0, 0, 2, 0.5], "texture": "#1_0"},
				"west": {"uv": [0, 0, 2, 0.5], "texture": "#1_0"},
				"up": {"uv": [0, 0, 2, 2], "texture": "#1_0"},
				"down": {"uv": [0, 0, 2, 2], "texture": "#1_0"}
			}
		},
		{
			"from": [3.527, 16.23554, 20.29943],
			"to": [4.473, 16.47204, 21.24543],
			"rotation": {"angle": -45, "axis": "x", "origin": [11.311, 11.66575, 11.311]},
			"faces": {
				"north": {"uv": [0, 0, 2, 0.5], "texture": "#1_0"},
				"east": {"uv": [0, 0, 2, 0.5], "texture": "#1_0"},
				"south": {"uv": [0, 0, 2, 0.5], "texture": "#1_0"},
				"west": {"uv": [0, 0, 2, 0.5], "texture": "#1_0"},
				"up": {"uv": [0, 0, 2, 2], "texture": "#1_0"},
				"down": {"uv": [0, 0, 2, 2], "texture": "#1_0"}
			}
		},
		{
			"from": [3.55065, 15.31319, 20.32308],
			"to": [4.44935, 16.02269, 21.22178],
			"rotation": {"angle": -45, "axis": "x", "origin": [11.311, 11.66575, 11.311]},
			"faces": {
				"north": {"uv": [14, 15.5, 16, 16], "texture": "#1_0"},
				"east": {"uv": [14, 15.5, 16, 16], "texture": "#1_0"},
				"south": {"uv": [14, 15.5, 16, 16], "texture": "#1_0"},
				"west": {"uv": [14, 15.5, 16, 16], "texture": "#1_0"},
				"up": {"uv": [14, 14, 16, 16], "texture": "#1_0"},
				"down": {"uv": [14, 14, 16, 16], "texture": "#1_0"}
			}
		},
		{
			"from": [3.2905, 15.28954, 20.29943],
			"to": [3.527, 16.23554, 21.24543],
			"rotation": {"angle": -45, "axis": "x", "origin": [11.311, 11.66575, 11.311]},
			"faces": {
				"north": {"uv": [0, 0, 0.5, 2], "texture": "#1_0"},
				"east": {"uv": [0, 0, 2, 2], "texture": "#1_0"},
				"south": {"uv": [0, 0, 0.5, 2], "texture": "#1_0"},
				"west": {"uv": [0, 0, 2, 2], "texture": "#1_0"},
				"up": {"uv": [0, 0, 0.5, 2], "texture": "#1_0"},
				"down": {"uv": [0, 0, 0.5, 2], "texture": "#1_0"}
			}
		},
		{
			"from": [3.7635, 16.23554, 20.53593],
			"to": [4.2365, 16.70854, 21.00893],
			"rotation": {"angle": -45, "axis": "x", "origin": [11.311, 11.66575, 11.311]},
			"faces": {
				"north": {"uv": [8, 0, 10, 2], "texture": "#1_0"},
				"east": {"uv": [8, 0, 10, 2], "texture": "#1_0"},
				"south": {"uv": [8, 0, 10, 2], "texture": "#1_0"},
				"west": {"uv": [8, 0, 10, 2], "texture": "#1_0"},
				"up": {"uv": [8, 0, 10, 2], "texture": "#1_0"},
				"down": {"uv": [8, 0, 10, 2], "texture": "#1_0"}
			}
		},
		{
			"from": [3.527, 15.28954, 20.06293],
			"to": [4.473, 16.23554, 20.29943],
			"rotation": {"angle": -45, "axis": "x", "origin": [11.311, 11.66575, 11.311]},
			"faces": {
				"north": {"uv": [3.6, 3.8, 7.6, 7.8], "texture": "#1_0"},
				"east": {"uv": [0, 0, 0.5, 2], "texture": "#1_0"},
				"south": {"uv": [0, 0, 2, 2], "texture": "#1_0"},
				"west": {"uv": [0, 0, 0.5, 2], "texture": "#1_0"},
				"up": {"uv": [0, 0, 0.5, 2], "rotation": 90, "texture": "#1_0"},
				"down": {"uv": [0, 0, 0.5, 2], "rotation": 270, "texture": "#1_0"}
			}
		},
		{
			"from": [4.473, 15.28954, 20.29943],
			"to": [4.7095, 16.23554, 21.24543],
			"rotation": {"angle": -45, "axis": "x", "origin": [11.311, 11.66575, 11.311]},
			"faces": {
				"north": {"uv": [0.5, 0, 0, 2], "texture": "#1_0"},
				"east": {"uv": [2, 0, 0, 2], "texture": "#1_0"},
				"south": {"uv": [0.5, 0, 0, 2], "texture": "#1_0"},
				"west": {"uv": [2, 0, 0, 2], "texture": "#1_0"},
				"up": {"uv": [0.5, 0, 0, 2], "texture": "#1_0"},
				"down": {"uv": [0.5, 0, 0, 2], "texture": "#1_0"}
			}
		},
		{
			"from": [3.527, 15.28954, 21.24543],
			"to": [4.473, 16.23554, 21.48193],
			"rotation": {"angle": -45, "axis": "x", "origin": [11.311, 11.66575, 11.311]},
			"faces": {
				"north": {"uv": [2, 0, 4, 2], "texture": "#1_0"},
				"east": {"uv": [0.5, 0, 1, 2], "texture": "#1_0"},
				"south": {"uv": [2, 0, 4, 2], "texture": "#1_0"},
				"west": {"uv": [0.5, 0, 1, 2], "texture": "#1_0"},
				"up": {"uv": [0.5, 0, 1, 2], "rotation": 90, "texture": "#1_0"},
				"down": {"uv": [0.5, 0, 1, 2], "rotation": 270, "texture": "#1_0"}
			}
		}
	],
	"gui_light": "front",
	"display": {
		"ground": {
			"translation": [0, -3, 0]
		},
		"gui": {
			"rotation": [0, -180, 0],
			"translation": [0, -5, 0],
			"scale": [3, 3, 3]
		},
		"head": {
			"translation": [0, -26, 0],
			"scale": [2.11, 2.11, 2.11]
		},
		"fixed": {
			"translation": [0, -6.25, 0],
			"scale": [4, 4, 4]
		}
	},
	"groups": [
		{
			"name": "reminia",
			"origin": [8, 8, 8],
			"children": [
				{
					"name": "group",
					"origin": [8, 24, 8],
					"children": [0, 1]
				},
				{
					"name": "group",
					"origin": [-16, 0, -16],
					"children": [2, 3]
				},
				{
					"name": "group",
					"origin": [-16, 0, -16],
					"children": [4, 5]
				},
				{
					"name": "group",
					"origin": [-16, 0, -16],
					"children": [6, 7]
				},
				{
					"name": "group",
					"origin": [-16, 0, -16],
					"children": [8, 9]
				},
				{
					"name": "group",
					"origin": [-16, 0, -16],
					"children": [10, 11]
				}
			]
		},
		{
			"name": "potion_mp",
			"origin": [8, 8, 8],
			"children": [12, 13, 14, 15, 16, 17, 18, 19]
		}
	]
}