{
	"credit": "Made with Blockbench",
	"textures": {
		"0": "item/npc/shirley_coc/theseus",
		"particle": "item/sword/theseus_sword",
		"1_0": "item/sword/theseus_sword"
	},
	"elements": [
		{
			"name": "HD",
			"from": [5, 18.00001, 5],
			"to": [11, 24.00001, 11],
			"rotation": {"angle": 22.5, "axis": "x", "origin": [8, 18.00001, 8]},
			"faces": {
				"north": {"uv": [6, 2, 8, 4], "texture": "#0"},
				"east": {"uv": [4, 2, 6, 4], "texture": "#0"},
				"south": {"uv": [2, 2, 4, 4], "texture": "#0"},
				"west": {"uv": [0, 2, 2, 4], "texture": "#0"},
				"up": {"uv": [2, 2, 4, 0], "texture": "#0"},
				"down": {"uv": [4, 2, 6, 0], "texture": "#0"}
			}
		},
		{
			"name": "HD2",
			"from": [4.7, 17.7, 4.7],
			"to": [11.3, 24.3, 11.3],
			"rotation": {"angle": 22.5, "axis": "x", "origin": [8, 18.00001, 8]},
			"faces": {
				"north": {"uv": [14, 2, 16, 4], "texture": "#0"},
				"east": {"uv": [12, 2, 14, 4], "texture": "#0"},
				"south": {"uv": [10, 2, 12, 4], "texture": "#0"},
				"west": {"uv": [8, 2, 10, 4], "texture": "#0"},
				"up": {"uv": [10, 0, 12, 2], "texture": "#0"},
				"down": {"uv": [12, 2, 14, 0], "texture": "#0"}
			}
		},
		{
			"name": "BD2",
			"from": [4.85, 8.85, 6.35],
			"to": [11.15, 18.15, 9.65],
			"rotation": {"angle": 0, "axis": "y", "origin": [-16, 0, -16]},
			"faces": {
				"north": {"uv": [8, 9, 10, 12], "texture": "#0"},
				"east": {"uv": [7, 9, 8, 12], "texture": "#0"},
				"south": {"uv": [5, 9, 7, 12], "texture": "#0"},
				"west": {"uv": [4, 9, 5, 12], "texture": "#0"},
				"up": {"uv": [5, 8, 7, 9], "texture": "#0"},
				"down": {"uv": [7, 8, 9, 9], "texture": "#0"}
			}
		},
		{
			"name": "BD",
			"from": [5, 9, 6.5],
			"to": [11, 18, 9.5],
			"rotation": {"angle": 0, "axis": "y", "origin": [-16, 0, -16]},
			"faces": {
				"north": {"uv": [8, 5, 10, 8], "texture": "#0"},
				"east": {"uv": [7, 5, 8, 8], "texture": "#0"},
				"south": {"uv": [5, 5, 7, 8], "texture": "#0"},
				"west": {"uv": [4, 5, 5, 8], "texture": "#0"},
				"up": {"uv": [5, 4, 7, 5], "texture": "#0"},
				"down": {"uv": [7, 4, 9, 5], "texture": "#0"}
			}
		},
		{
			"name": "LA2",
			"from": [10.85, 8.85, 6.35],
			"to": [14.15, 18.15, 9.65],
			"rotation": {"angle": -22.5, "axis": "x", "origin": [11.5, 17.5, 8]},
			"faces": {
				"north": {"uv": [15, 13, 16, 16], "texture": "#0"},
				"east": {"uv": [14, 13, 15, 16], "texture": "#0"},
				"south": {"uv": [13, 13, 14, 16], "texture": "#0"},
				"west": {"uv": [12, 13, 13, 16], "texture": "#0"},
				"up": {"uv": [13, 12, 14, 13], "texture": "#0"},
				"down": {"uv": [14, 12, 15, 13], "texture": "#0"}
			}
		},
		{
			"name": "LA",
			"from": [11, 9, 6.5],
			"to": [14, 18, 9.5],
			"rotation": {"angle": -22.5, "axis": "x", "origin": [11.5, 17.5, 8]},
			"faces": {
				"north": {"uv": [11, 13, 12, 16], "texture": "#0"},
				"east": {"uv": [10, 13, 11, 16], "texture": "#0"},
				"south": {"uv": [9, 13, 10, 16], "texture": "#0"},
				"west": {"uv": [8, 13, 9, 16], "texture": "#0"},
				"up": {"uv": [9, 12, 10, 13], "texture": "#0"},
				"down": {"uv": [10, 12, 11, 13], "texture": "#0"}
			}
		},
		{
			"name": "RA2",
			"from": [1.85, 8.85, 6.35],
			"to": [5.15, 18.15, 9.65],
			"rotation": {"angle": -22.5, "axis": "x", "origin": [4.5, 17.5, 8]},
			"faces": {
				"north": {"uv": [13, 9, 14, 12], "texture": "#0"},
				"east": {"uv": [12, 9, 13, 12], "texture": "#0"},
				"south": {"uv": [11, 9, 12, 12], "texture": "#0"},
				"west": {"uv": [10, 9, 11, 12], "texture": "#0"},
				"up": {"uv": [11, 8, 12, 9], "texture": "#0"},
				"down": {"uv": [12, 8, 13, 9], "texture": "#0"}
			}
		},
		{
			"name": "RA",
			"from": [2, 9, 6.5],
			"to": [5, 18, 9.5],
			"rotation": {"angle": -22.5, "axis": "x", "origin": [4.5, 17.5, 8]},
			"faces": {
				"north": {"uv": [13, 5, 14, 8], "texture": "#0"},
				"east": {"uv": [10, 5, 11, 8], "texture": "#0"},
				"south": {"uv": [11, 5, 12, 8], "texture": "#0"},
				"west": {"uv": [12, 5, 13, 8], "texture": "#0"},
				"up": {"uv": [11, 4, 12, 5], "texture": "#0"},
				"down": {"uv": [12, 4, 13, 5], "texture": "#0"}
			}
		},
		{
			"name": "LL",
			"from": [8, 7, 7.49998],
			"to": [11, 10, 16.49998],
			"rotation": {"angle": 22.5, "axis": "y", "origin": [9.5, 8.5, 8]},
			"faces": {
				"north": {"uv": [5, 12, 6, 13], "rotation": 180, "texture": "#0"},
				"east": {"uv": [6, 13, 7, 16], "rotation": 90, "texture": "#0"},
				"south": {"uv": [6, 12, 7, 13], "texture": "#0"},
				"west": {"uv": [4, 13, 5, 16], "rotation": 270, "texture": "#0"},
				"up": {"uv": [5, 13, 6, 16], "texture": "#0"},
				"down": {"uv": [7, 13, 8, 16], "rotation": 180, "texture": "#0"}
			}
		},
		{
			"name": "LL2",
			"from": [7.85, 6.85, 7.35],
			"to": [11.15, 10.15, 16.65],
			"rotation": {"angle": 22.5, "axis": "y", "origin": [9.5, 8.5, 8]},
			"faces": {
				"north": {"uv": [1, 12, 2, 13], "rotation": 180, "texture": "#0"},
				"east": {"uv": [2, 13, 3, 16], "rotation": 90, "texture": "#0"},
				"south": {"uv": [2, 12, 3, 13], "texture": "#0"},
				"west": {"uv": [0, 13, 1, 16], "rotation": 270, "texture": "#0"},
				"up": {"uv": [1, 13, 2, 16], "texture": "#0"},
				"down": {"uv": [3, 13, 4, 16], "rotation": 180, "texture": "#0"}
			}
		},
		{
			"name": "RL2",
			"from": [4.85, 6.85, 7.35],
			"to": [8.15, 10.15, 16.65],
			"rotation": {"angle": -22.5, "axis": "y", "origin": [6.50001, 8.5, 8]},
			"faces": {
				"north": {"uv": [1, 8, 2, 9], "rotation": 180, "texture": "#0"},
				"east": {"uv": [2, 9, 3, 12], "rotation": 90, "texture": "#0"},
				"south": {"uv": [2, 8, 3, 9], "texture": "#0"},
				"west": {"uv": [0, 9, 1, 12], "rotation": 270, "texture": "#0"},
				"up": {"uv": [1, 9, 2, 12], "texture": "#0"},
				"down": {"uv": [3, 9, 4, 12], "rotation": 180, "texture": "#0"}
			}
		},
		{
			"name": "RL",
			"from": [5.00001, 7, 7.5],
			"to": [8.00001, 10, 16.5],
			"rotation": {"angle": -22.5, "axis": "y", "origin": [6.50001, 8.5, 8]},
			"faces": {
				"north": {"uv": [1, 4, 2, 5], "rotation": 180, "texture": "#0"},
				"east": {"uv": [2, 5, 3, 8], "rotation": 90, "texture": "#0"},
				"south": {"uv": [2, 4, 3, 5], "texture": "#0"},
				"west": {"uv": [0, 5, 1, 8], "rotation": 270, "texture": "#0"},
				"up": {"uv": [1, 5, 2, 8], "texture": "#0"},
				"down": {"uv": [3, 5, 4, 8], "rotation": 180, "texture": "#0"}
			}
		},
		{
			"from": [14.25263, 17.61646, 5.7306],
			"to": [14.60738, 19.98146, 6.08535],
			"rotation": {"angle": 22.5, "axis": "x", "origin": [8.05913, 11.50808, 8.05913]},
			"faces": {
				"north": {"uv": [15, 0, 16, 5], "rotation": 180, "texture": "#1_0"},
				"east": {"uv": [15, 0, 16, 5], "rotation": 180, "texture": "#1_0"},
				"south": {"uv": [15, 0, 16, 5], "rotation": 180, "texture": "#1_0"},
				"west": {"uv": [15, 0, 16, 5], "rotation": 180, "texture": "#1_0"},
				"up": {"uv": [15, 0, 16, 1], "rotation": 90, "texture": "#1_0"},
				"down": {"uv": [15, 0, 16, 1], "rotation": 270, "texture": "#1_0"}
			}
		},
		{
			"from": [14.1935, 19.98146, 5.67148],
			"to": [14.6665, 20.92746, 6.14448],
			"rotation": {"angle": 22.5, "axis": "x", "origin": [8.05913, 11.50808, 8.05913]},
			"faces": {
				"north": {"uv": [6, 14.5, 7.5, 16], "rotation": 270, "texture": "#1_0"},
				"east": {"uv": [6, 14.5, 7.5, 16], "rotation": 270, "texture": "#1_0"},
				"south": {"uv": [6, 14.5, 7.5, 16], "rotation": 270, "texture": "#1_0"},
				"west": {"uv": [6, 14.5, 7.5, 16], "rotation": 270, "texture": "#1_0"},
				"up": {"uv": [4, 12, 5, 12.5], "rotation": 90, "texture": "#1_0"},
				"down": {"uv": [4, 12, 5.5, 13.5], "rotation": 270, "texture": "#1_0"}
			}
		},
		{
			"from": [14.3827, 6.73746, 5.55323],
			"to": [14.4773, 16.19746, 6.26273],
			"rotation": {"angle": 22.5, "axis": "x", "origin": [8.05913, 11.50808, 8.05913]},
			"faces": {
				"north": {"uv": [0, 0, 0.2, 3.5], "rotation": 180, "texture": "#1_0"},
				"east": {"uv": [0, 0, 2, 16], "rotation": 180, "texture": "#1_0"},
				"south": {"uv": [0, 0, 0.2, 3.5], "rotation": 180, "texture": "#1_0"},
				"west": {"uv": [0, 0, 1.5, 3.5], "rotation": 180, "texture": "#1_0"},
				"up": {"uv": [0, 0, 2.813, 0.325], "rotation": 90, "texture": "#1_0"},
				"down": {"uv": [0, 0, 2.875, 0.325], "rotation": 270, "texture": "#1_0"}
			}
		},
		{
			"from": [14.3827, 6.02796, 5.67148],
			"to": [14.4773, 6.73746, 6.14448],
			"rotation": {"angle": 22.5, "axis": "x", "origin": [8.05913, 11.50808, 8.05913]},
			"faces": {
				"north": {"uv": [0, 0, 0.2, 1.5], "rotation": 180, "texture": "#1_0"},
				"east": {"uv": [0, 0, 2, 16], "rotation": 180, "texture": "#1_0"},
				"south": {"uv": [0, 0, 0.2, 1.5], "rotation": 180, "texture": "#1_0"},
				"west": {"uv": [0, 0, 1, 1.5], "rotation": 180, "texture": "#1_0"},
				"up": {"uv": [0, 0, 2.813, 0.325], "rotation": 90, "texture": "#1_0"},
				"down": {"uv": [0, 0, 2.875, 0.325], "rotation": 270, "texture": "#1_0"}
			}
		},
		{
			"from": [14.3827, 5.79146, 5.78973],
			"to": [14.4773, 6.02796, 6.02623],
			"rotation": {"angle": 22.5, "axis": "x", "origin": [8.05913, 11.50808, 8.05913]},
			"faces": {
				"north": {"uv": [0, 0, 0.2, 1.5], "rotation": 180, "texture": "#1_0"},
				"east": {"uv": [0, 0, 2, 16], "rotation": 180, "texture": "#1_0"},
				"south": {"uv": [0, 0, 0.2, 1.5], "rotation": 180, "texture": "#1_0"},
				"west": {"uv": [0, 0, 1, 1.5], "rotation": 180, "texture": "#1_0"},
				"up": {"uv": [0, 0, 2.813, 0.325], "rotation": 90, "texture": "#1_0"},
				"down": {"uv": [0, 0, 2.875, 0.325], "rotation": 270, "texture": "#1_0"}
			}
		},
		{
			"from": [14.1935, 17.14346, 4.01598],
			"to": [14.6665, 17.61646, 7.79998],
			"rotation": {"angle": 22.5, "axis": "x", "origin": [8.05913, 11.50808, 8.05913]},
			"faces": {
				"north": {"uv": [3, 0, 10.5, 16], "rotation": 270, "texture": "#1_0"},
				"east": {"uv": [3, 0, 10.5, 16], "rotation": 90, "texture": "#1_0"},
				"south": {"uv": [3, 0, 10.5, 16], "rotation": 270, "texture": "#1_0"},
				"west": {"uv": [3, 0, 10.5, 16], "rotation": 270, "texture": "#1_0"},
				"up": {"uv": [4, 0, 5, 16], "texture": "#1_0"},
				"down": {"uv": [4, 0, 5, 16], "rotation": 180, "texture": "#1_0"}
			}
		},
		{
			"from": [14.2408, 15.25146, 5.78973],
			"to": [14.6192, 17.14346, 6.02623],
			"rotation": {"angle": 22.5, "axis": "x", "origin": [8.05913, 11.50808, 8.05913]},
			"faces": {
				"north": {"uv": [4, 0, 5, 1], "rotation": 180, "texture": "#1_0"},
				"east": {"uv": [4, 0, 5, 16], "rotation": 90, "texture": "#1_0"},
				"south": {"uv": [4, 15, 5, 16], "rotation": 180, "texture": "#1_0"},
				"west": {"uv": [4, 0, 5, 16], "rotation": 270, "texture": "#1_0"},
				"up": {"uv": [4, 0, 5, 16], "texture": "#1_0"},
				"down": {"uv": [4, 0, 5, 16], "rotation": 180, "texture": "#1_0"}
			}
		},
		{
			"from": [14.31175, 16.78871, 6.85398],
			"to": [14.54825, 17.14346, 7.09048],
			"rotation": {"angle": 22.5, "axis": "x", "origin": [8.05913, 11.50808, 8.05913]},
			"faces": {
				"north": {"uv": [15, 15, 16, 16], "rotation": 180, "texture": "#1_0"},
				"east": {"uv": [15, 5.625, 16, 16], "rotation": 90, "texture": "#1_0"},
				"south": {"uv": [15, 15, 16, 16], "rotation": 180, "texture": "#1_0"},
				"west": {"uv": [15, 14.125, 16, 16], "rotation": 270, "texture": "#1_0"},
				"up": {"uv": [15, 5.688, 16, 16], "texture": "#1_0"},
				"down": {"uv": [15, 5.75, 16, 16], "rotation": 180, "texture": "#1_0"}
			}
		},
		{
			"from": [14.31175, 16.78871, 4.72548],
			"to": [14.54825, 17.14346, 4.96198],
			"rotation": {"angle": 22.5, "axis": "x", "origin": [8.05913, 11.50808, 8.05913]},
			"faces": {
				"north": {"uv": [16, 15, 15, 16], "rotation": 180, "texture": "#1_0"},
				"east": {"uv": [15, 16, 16, 5.625], "rotation": 90, "texture": "#1_0"},
				"south": {"uv": [16, 15, 15, 16], "rotation": 180, "texture": "#1_0"},
				"west": {"uv": [15, 16, 16, 14.125], "rotation": 270, "texture": "#1_0"},
				"up": {"uv": [15, 16, 16, 5.688], "texture": "#1_0"},
				"down": {"uv": [15, 16, 16, 5.75], "rotation": 180, "texture": "#1_0"}
			}
		},
		{
			"from": [14.31175, 16.55221, 6.61748],
			"to": [14.54825, 16.78871, 6.85398],
			"rotation": {"angle": 22.5, "axis": "x", "origin": [8.05913, 11.50808, 8.05913]},
			"faces": {
				"north": {"uv": [15, 15, 16, 16], "rotation": 180, "texture": "#1_0"},
				"east": {"uv": [15, 5.625, 16, 16], "rotation": 90, "texture": "#1_0"},
				"south": {"uv": [15, 15, 16, 16], "rotation": 180, "texture": "#1_0"},
				"west": {"uv": [15, 14.125, 16, 16], "rotation": 270, "texture": "#1_0"},
				"up": {"uv": [15, 5.688, 16, 16], "texture": "#1_0"},
				"down": {"uv": [15, 5.75, 16, 16], "rotation": 180, "texture": "#1_0"}
			}
		},
		{
			"from": [14.31175, 16.55221, 4.96198],
			"to": [14.54825, 16.78871, 5.19848],
			"rotation": {"angle": 22.5, "axis": "x", "origin": [8.05913, 11.50808, 8.05913]},
			"faces": {
				"north": {"uv": [16, 15, 15, 16], "rotation": 180, "texture": "#1_0"},
				"east": {"uv": [15, 16, 16, 5.625], "rotation": 90, "texture": "#1_0"},
				"south": {"uv": [16, 15, 15, 16], "rotation": 180, "texture": "#1_0"},
				"west": {"uv": [15, 16, 16, 14.125], "rotation": 270, "texture": "#1_0"},
				"up": {"uv": [15, 16, 16, 5.688], "texture": "#1_0"},
				"down": {"uv": [15, 16, 16, 5.75], "rotation": 180, "texture": "#1_0"}
			}
		},
		{
			"from": [14.31175, 16.31571, 6.38098],
			"to": [14.54825, 16.55221, 6.61748],
			"rotation": {"angle": 22.5, "axis": "x", "origin": [8.05913, 11.50808, 8.05913]},
			"faces": {
				"north": {"uv": [15, 15, 16, 16], "rotation": 180, "texture": "#1_0"},
				"east": {"uv": [15, 5.625, 16, 16], "rotation": 90, "texture": "#1_0"},
				"south": {"uv": [15, 15, 16, 16], "rotation": 180, "texture": "#1_0"},
				"west": {"uv": [15, 14.125, 16, 16], "rotation": 270, "texture": "#1_0"},
				"up": {"uv": [15, 5.688, 16, 16], "texture": "#1_0"},
				"down": {"uv": [15, 5.75, 16, 16], "rotation": 180, "texture": "#1_0"}
			}
		},
		{
			"from": [14.31175, 16.31571, 5.19848],
			"to": [14.54825, 16.55221, 5.43498],
			"rotation": {"angle": 22.5, "axis": "x", "origin": [8.05913, 11.50808, 8.05913]},
			"faces": {
				"north": {"uv": [16, 15, 15, 16], "rotation": 180, "texture": "#1_0"},
				"east": {"uv": [15, 16, 16, 5.625], "rotation": 90, "texture": "#1_0"},
				"south": {"uv": [16, 15, 15, 16], "rotation": 180, "texture": "#1_0"},
				"west": {"uv": [15, 16, 16, 14.125], "rotation": 270, "texture": "#1_0"},
				"up": {"uv": [15, 16, 16, 5.688], "texture": "#1_0"},
				"down": {"uv": [15, 16, 16, 5.75], "rotation": 180, "texture": "#1_0"}
			}
		},
		{
			"from": [14.31175, 16.07921, 5.43498],
			"to": [14.54825, 16.31571, 6.38098],
			"rotation": {"angle": 22.5, "axis": "x", "origin": [8.05913, 11.50808, 8.05913]},
			"faces": {
				"north": {"uv": [15, 15, 16, 16], "rotation": 180, "texture": "#1_0"},
				"east": {"uv": [15, 5.625, 16, 16], "rotation": 90, "texture": "#1_0"},
				"south": {"uv": [15, 15, 16, 16], "rotation": 180, "texture": "#1_0"},
				"west": {"uv": [15, 14.125, 16, 16], "rotation": 270, "texture": "#1_0"},
				"up": {"uv": [15, 5.688, 16, 16], "texture": "#1_0"},
				"down": {"uv": [15, 5.75, 16, 16], "rotation": 180, "texture": "#1_0"}
			}
		},
		{
			"from": [14.1935, 16.90696, 7.32698],
			"to": [14.6665, 17.14346, 7.68173],
			"rotation": {"angle": 22.5, "axis": "x", "origin": [8.05913, 11.50808, 8.05913]},
			"faces": {
				"north": {"uv": [4, 0, 5, 1], "rotation": 180, "texture": "#1_0"},
				"east": {"uv": [4, 0, 5, 16], "rotation": 90, "texture": "#1_0"},
				"south": {"uv": [4, 15, 5, 16], "rotation": 180, "texture": "#1_0"},
				"west": {"uv": [4, 0, 5, 16], "rotation": 270, "texture": "#1_0"},
				"up": {"uv": [4, 0, 5, 16], "texture": "#1_0"},
				"down": {"uv": [4, 0, 5, 16], "rotation": 180, "texture": "#1_0"}
			}
		},
		{
			"from": [14.1935, 16.90696, 4.13423],
			"to": [14.6665, 17.14346, 4.48898],
			"rotation": {"angle": 22.5, "axis": "x", "origin": [8.05913, 11.50808, 8.05913]},
			"faces": {
				"north": {"uv": [4, 0, 5, 1], "rotation": 180, "texture": "#1_0"},
				"east": {"uv": [4, 0, 5, 16], "rotation": 90, "texture": "#1_0"},
				"south": {"uv": [4, 15, 5, 16], "rotation": 180, "texture": "#1_0"},
				"west": {"uv": [4, 0, 5, 16], "rotation": 270, "texture": "#1_0"},
				"up": {"uv": [4, 0, 5, 16], "texture": "#1_0"},
				"down": {"uv": [4, 0, 5, 16], "rotation": 180, "texture": "#1_0"}
			}
		},
		{
			"from": [14.1935, 17.61646, 7.32698],
			"to": [14.6665, 17.85296, 7.68173],
			"rotation": {"angle": 22.5, "axis": "x", "origin": [8.05913, 11.50808, 8.05913]},
			"faces": {
				"north": {"uv": [4, 0, 5, 1], "rotation": 180, "texture": "#1_0"},
				"east": {"uv": [4, 0, 5, 16], "rotation": 90, "texture": "#1_0"},
				"south": {"uv": [4, 15, 5, 16], "rotation": 180, "texture": "#1_0"},
				"west": {"uv": [4, 0, 5, 16], "rotation": 270, "texture": "#1_0"},
				"up": {"uv": [4, 0, 5, 16], "texture": "#1_0"},
				"down": {"uv": [4, 0, 5, 16], "rotation": 180, "texture": "#1_0"}
			}
		},
		{
			"from": [14.1935, 17.61646, 4.13423],
			"to": [14.6665, 17.85296, 4.48898],
			"rotation": {"angle": 22.5, "axis": "x", "origin": [8.05913, 11.50808, 8.05913]},
			"faces": {
				"north": {"uv": [4, 0, 5, 1], "rotation": 180, "texture": "#1_0"},
				"east": {"uv": [4, 0, 5, 16], "rotation": 90, "texture": "#1_0"},
				"south": {"uv": [4, 15, 5, 16], "rotation": 180, "texture": "#1_0"},
				"west": {"uv": [4, 0, 5, 16], "rotation": 270, "texture": "#1_0"},
				"up": {"uv": [4, 0, 5, 16], "texture": "#1_0"},
				"down": {"uv": [4, 0, 5, 16], "rotation": 180, "texture": "#1_0"}
			}
		}
	],
	"gui_light": "front",
	"display": {
		"thirdperson_righthand": {
			"rotation": [0, 90, 0],
			"translation": [0, 9.5, 0]
		},
		"thirdperson_lefthand": {
			"rotation": [0, 90, 0],
			"translation": [0, 9.5, 0]
		},
		"firstperson_righthand": {
			"rotation": [0, 90, 0],
			"translation": [0, 9.5, 0]
		},
		"firstperson_lefthand": {
			"rotation": [0, 90, 0],
			"translation": [0, 9.5, 0]
		},
		"ground": {
			"rotation": [-180, 0, 0],
			"translation": [0, 12, 0]
		},
		"gui": {
			"rotation": [-180, 0, -135],
			"scale": [0.65, 0.65, 1]
		},
		"head": {
			"rotation": [0, 180, 0],
			"translation": [0, -41, 0],
			"scale": [2.11, 2.11, 2.11]
		},
		"fixed": {
			"rotation": [-180, 0, 0],
			"translation": [0, 48.5, 17],
			"scale": [2, 2, 2]
		}
	},
	"groups": [
		{
			"name": "group",
			"origin": [8, 24, 8],
			"children": [0, 1]
		},
		{
			"name": "group",
			"origin": [-16, 0, -16],
			"children": [2, 3]
		},
		{
			"name": "group",
			"origin": [-16, 0, -16],
			"children": [4, 5]
		},
		{
			"name": "group",
			"origin": [-16, 0, -16],
			"children": [6, 7]
		},
		{
			"name": "group",
			"origin": [-16, 0, -16],
			"children": [8, 9]
		},
		{
			"name": "group",
			"origin": [-16, 0, -16],
			"children": [10, 11]
		},
		{
			"name": "theseus_sword",
			"origin": [8, 8, 8],
			"children": [
				{
					"name": "Hilt",
					"origin": [15.5, 15.5, 15.5],
					"children": [12, 13]
				},
				{
					"name": "Blade",
					"origin": [15.5, 15.5, 15.5],
					"children": [14, 15, 16]
				},
				{
					"name": "group",
					"origin": [8, 8, 8],
					"children": [17, 18, 19, 20, 21, 22, 23, 24, 25, 26, 27, 28, 29]
				}
			]
		}
	]
}