{
	"credit": "Made with Blockbench",
	"textures": {
		"layer0": "item/effect/claymore_1"
	},
	"elements": [
		{
			"from": [-16, 8, -16],
			"to": [32, 8, 32],
			"faces": {
				"north": {"uv": [0, 15.938, 0.5, 16], "texture": "#layer0"},
				"east": {"uv": [0, 15.938, 0.5, 16], "texture": "#layer0"},
				"south": {"uv": [0, 15.938, 0.5, 16], "texture": "#layer0"},
				"west": {"uv": [0, 15.938, 0.5, 16], "texture": "#layer0"},
				"up": {"uv": [0, 0, 16, 16], "rotation": 180, "texture": "#layer0"},
				"down": {"uv": [0, 15.5, 0.5, 16], "texture": "#layer0"}
			}
		}
	],
	"display": {
		"thirdperson_righthand": {
			"rotation": [0, 90, -125],
			"translation": [0, 1, 0],
			"scale": [0.2, 0.2, 0.2]
		},
		"thirdperson_lefthand": {
			"rotation": [-180, 90, -45],
			"translation": [0, 1, 0],
			"scale": [0.2, 0.2, 0.2]
		},
		"firstperson_righthand": {
			"rotation": [-180, 0, 0],
			"translation": [0, 2, 0],
			"scale": [0.5, 0.5, 0.5]
		},
		"firstperson_lefthand": {
			"rotation": [0, 0, -180],
			"translation": [0, 2, 0],
			"scale": [0.5, 0.5, 0.5]
		},
		"head": {
			"rotation": [90, -90, 80],
			"translation": [0, -32, 0],
			"scale": [4, 1, 4]
		}
	}
}