{
	"credit": "Made with Blockbench",
	"textures": {
		"layer0": "item/effect/claymore_2",
		"1_layer0": "item/effect/claymore_3"
	},
	"elements": [
		{
			"from": [-11, -9, 8],
			"to": [29, 31, 8],
			"faces": {
				"north": {"uv": [0, 15.5, 0.5, 16], "rotation": 180, "texture": "#layer0"},
				"east": {"uv": [0, 15.938, 0.5, 16], "rotation": 270, "texture": "#layer0"},
				"south": {"uv": [16, 0, 0, 16], "texture": "#layer0"},
				"west": {"uv": [0, 15.938, 0.5, 16], "rotation": 90, "texture": "#layer0"},
				"up": {"uv": [0, 15.938, 0.5, 16], "rotation": 180, "texture": "#layer0"},
				"down": {"uv": [0, 15.938, 0.5, 16], "texture": "#layer0"}
			}
		},
		{
			"from": [-8, -9, 4],
			"to": [26, 28, 4],
			"faces": {
				"north": {"uv": [0, 15.5, 0.5, 16], "rotation": 180, "texture": "#layer0"},
				"east": {"uv": [0, 15.938, 0.5, 16], "rotation": 270, "texture": "#layer0"},
				"south": {"uv": [16, 0, 0, 16], "texture": "#layer0"},
				"west": {"uv": [0, 15.938, 0.5, 16], "rotation": 90, "texture": "#layer0"},
				"up": {"uv": [0, 15.938, 0.5, 16], "rotation": 180, "texture": "#layer0"},
				"down": {"uv": [0, 15.938, 0.5, 16], "texture": "#layer0"}
			}
		},
		{
			"from": [-8, -9, 12],
			"to": [26, 28, 12],
			"faces": {
				"north": {"uv": [0, 15.5, 0.5, 16], "rotation": 180, "texture": "#layer0"},
				"east": {"uv": [0, 15.938, 0.5, 16], "rotation": 270, "texture": "#layer0"},
				"south": {"uv": [16, 0, 0, 16], "texture": "#layer0"},
				"west": {"uv": [0, 15.938, 0.5, 16], "rotation": 90, "texture": "#layer0"},
				"up": {"uv": [0, 15.938, 0.5, 16], "rotation": 180, "texture": "#layer0"},
				"down": {"uv": [0, 15.938, 0.5, 16], "texture": "#layer0"}
			}
		},
		{
			"from": [-5.94805, -11.73164, -12.48],
			"to": [-5.94805, 29.22836, 28.48],
			"rotation": {"angle": 22.5, "axis": "z", "origin": [8, 7.30632, 8]},
			"faces": {
				"north": {"uv": [0, 0, 16, 0], "rotation": 90, "texture": "#1_layer0"},
				"east": {"uv": [0, 0, 16, 0.5], "rotation": 180, "texture": "#1_layer0"},
				"south": {"uv": [0, 0, 16, 0], "rotation": 270, "texture": "#1_layer0"},
				"west": {"uv": [0, 16, 16, 0], "rotation": 180, "texture": "#1_layer0"},
				"up": {"uv": [0, 0, 16, 0], "rotation": 270, "texture": "#1_layer0"},
				"down": {"uv": [0, 0, 16, 0], "rotation": 270, "texture": "#1_layer0"}
			}
		},
		{
			"from": [-4.8, -15.96, -12.48],
			"to": [-4.8, 25, 28.48],
			"rotation": {"angle": 45, "axis": "y", "origin": [8, 7.30632, 8]},
			"faces": {
				"north": {"uv": [0, 0, 16, 0], "rotation": 90, "texture": "#1_layer0"},
				"east": {"uv": [0, 0, 16, 0.5], "rotation": 180, "texture": "#1_layer0"},
				"south": {"uv": [0, 0, 16, 0], "rotation": 270, "texture": "#1_layer0"},
				"west": {"uv": [0, 16, 16, 0], "rotation": 180, "texture": "#1_layer0"},
				"up": {"uv": [0, 0, 16, 0], "rotation": 270, "texture": "#1_layer0"},
				"down": {"uv": [0, 0, 16, 0], "rotation": 270, "texture": "#1_layer0"}
			}
		},
		{
			"from": [-12.48, -11.73164, 21.94805],
			"to": [28.48, 29.22836, 21.94805],
			"rotation": {"angle": 22.5, "axis": "x", "origin": [8, 7.30632, 8]},
			"faces": {
				"north": {"uv": [0, 0, 16, 0.5], "rotation": 180, "texture": "#1_layer0"},
				"east": {"uv": [0, 0, 16, 0], "rotation": 270, "texture": "#1_layer0"},
				"south": {"uv": [0, 16, 16, 0], "rotation": 180, "texture": "#1_layer0"},
				"west": {"uv": [0, 0, 16, 0], "rotation": 90, "texture": "#1_layer0"},
				"up": {"uv": [0, 0, 16, 0], "rotation": 180, "texture": "#1_layer0"},
				"down": {"uv": [0, 0, 16, 0], "texture": "#1_layer0"}
			}
		},
		{
			"from": [-12.48, -15.96, 20.8],
			"to": [28.48, 25, 20.8],
			"rotation": {"angle": 45, "axis": "y", "origin": [8, 7.30632, 8]},
			"faces": {
				"north": {"uv": [0, 0, 16, 0.5], "rotation": 180, "texture": "#1_layer0"},
				"east": {"uv": [0, 0, 16, 0], "rotation": 270, "texture": "#1_layer0"},
				"south": {"uv": [0, 16, 16, 0], "rotation": 180, "texture": "#1_layer0"},
				"west": {"uv": [0, 0, 16, 0], "rotation": 90, "texture": "#1_layer0"},
				"up": {"uv": [0, 0, 16, 0], "rotation": 180, "texture": "#1_layer0"},
				"down": {"uv": [0, 0, 16, 0], "texture": "#1_layer0"}
			}
		},
		{
			"from": [21.94805, -11.73164, -12.48],
			"to": [21.94805, 29.22836, 28.48],
			"rotation": {"angle": -22.5, "axis": "z", "origin": [8, 7.30632, 8]},
			"faces": {
				"north": {"uv": [0, 0, 16, 0], "rotation": 270, "texture": "#1_layer0"},
				"east": {"uv": [0, 16, 16, 0], "rotation": 180, "texture": "#1_layer0"},
				"south": {"uv": [0, 0, 16, 0], "rotation": 90, "texture": "#1_layer0"},
				"west": {"uv": [0, 0, 16, 0.5], "rotation": 180, "texture": "#1_layer0"},
				"up": {"uv": [0, 0, 16, 0], "rotation": 90, "texture": "#1_layer0"},
				"down": {"uv": [0, 0, 16, 0], "rotation": 90, "texture": "#1_layer0"}
			}
		},
		{
			"from": [20.8, -15.96, -12.48],
			"to": [20.8, 25, 28.48],
			"rotation": {"angle": 45, "axis": "y", "origin": [8, 7.30632, 8]},
			"faces": {
				"north": {"uv": [0, 0, 16, 0], "rotation": 270, "texture": "#1_layer0"},
				"east": {"uv": [0, 16, 16, 0], "rotation": 180, "texture": "#1_layer0"},
				"south": {"uv": [0, 0, 16, 0], "rotation": 90, "texture": "#1_layer0"},
				"west": {"uv": [0, 0, 16, 0.5], "rotation": 180, "texture": "#1_layer0"},
				"up": {"uv": [0, 0, 16, 0], "rotation": 90, "texture": "#1_layer0"},
				"down": {"uv": [0, 0, 16, 0], "rotation": 90, "texture": "#1_layer0"}
			}
		},
		{
			"from": [-12.48, -11.73164, -5.94805],
			"to": [28.48, 29.22836, -5.94805],
			"rotation": {"angle": -22.5, "axis": "x", "origin": [8, 7.30632, 8]},
			"faces": {
				"north": {"uv": [0, 16, 16, 0], "rotation": 180, "texture": "#1_layer0"},
				"east": {"uv": [0, 0, 16, 0], "rotation": 90, "texture": "#1_layer0"},
				"south": {"uv": [0, 0, 16, 0.5], "rotation": 180, "texture": "#1_layer0"},
				"west": {"uv": [0, 0, 16, 0], "rotation": 270, "texture": "#1_layer0"},
				"up": {"uv": [0, 0, 16, 0], "texture": "#1_layer0"},
				"down": {"uv": [0, 0, 16, 0], "rotation": 180, "texture": "#1_layer0"}
			}
		},
		{
			"from": [-12.48, -15.96, -4.8],
			"to": [28.48, 25, -4.8],
			"rotation": {"angle": 45, "axis": "y", "origin": [8, 7.30632, 8]},
			"faces": {
				"north": {"uv": [0, 16, 16, 0], "rotation": 180, "texture": "#1_layer0"},
				"east": {"uv": [0, 0, 16, 0], "rotation": 90, "texture": "#1_layer0"},
				"south": {"uv": [0, 0, 16, 0.5], "rotation": 180, "texture": "#1_layer0"},
				"west": {"uv": [0, 0, 16, 0], "rotation": 270, "texture": "#1_layer0"},
				"up": {"uv": [0, 0, 16, 0], "texture": "#1_layer0"},
				"down": {"uv": [0, 0, 16, 0], "rotation": 180, "texture": "#1_layer0"}
			}
		}
	],
	"display": {
		"thirdperson_righthand": {
			"rotation": [0, 90, -125],
			"translation": [0, 1, 0],
			"scale": [0.2, 0.2, 0.2]
		},
		"thirdperson_lefthand": {
			"rotation": [-180, 90, -45],
			"translation": [0, 1, 0],
			"scale": [0.2, 0.2, 0.2]
		},
		"firstperson_righthand": {
			"rotation": [-180, 0, 0],
			"translation": [0, 2, 0],
			"scale": [4, 4, 4]
		},
		"firstperson_lefthand": {
			"rotation": [0, 0, -180],
			"translation": [0, 2, 0],
			"scale": [0.5, 0.5, 0.5]
		},
		"head": {
			"rotation": [0, -90, 0],
			"translation": [0, 10, -20],
			"scale": [4, 4, 4]
		}
	},
	"groups": [0, 1, 2,
		{
			"name": "drop",
			"origin": [8, 8, 8],
			"children": [3, 4, 5, 6, 7, 8, 9, 10]
		}
	]
}