{
"magic_001": {
    "category": "music",
    "replace": "true" ,
    "sounds": [
        "magic/001"
    ]
  },
"magic_002": {
    "category": "music",
    "replace": "true" ,
    "sounds": [
        "magic/002"
    ]
  },
"magic_003": {
    "category": "music",
    "replace": "true" ,
    "sounds": [
        "magic/003"
    ]
  },
"magic_004": {
    "category": "music",
    "replace": "true" ,
    "sounds": [
        "magic/004"
    ]
  },
"magic_005": {
    "category": "music",
    "replace": "true" ,
    "sounds": [
        "magic/005"
    ]
  },
"sword_slash": {
    "category": "music",
    "replace": "true" ,
    "sounds": [
        "sword/sword_slash"
    ]
  },
"sword_rush": {
    "category": "music",
    "replace": "true" ,
    "sounds": [
        "sword/sword_rush"
    ]
  },
"claymore_slash": {
    "category": "music",
    "replace": "true" ,
    "sounds": [
        "claymore/claymore_slash"
    ]
  },
"claymore_slash3": {
    "category": "music",
    "replace": "true" ,
    "sounds": [
        "claymore/claymore_slash3"
    ]
  },
"claymore_rush": {
    "category": "music",
    "replace": "true" ,
    "sounds": [
        "claymore/claymore_rush"
    ]
  },
"lance_shield": {
    "category": "music",
    "replace": "true" ,
    "sounds": [
        "lance/lance_shield"
    ]
  },
"girl_01": {
    "category": "music",
    "replace": "true" ,
    "sounds": [
        "girl/girl_01a",
        "girl/girl_01b",
        "girl/girl_01c"
    ]
  },
"girl_02": {
    "category": "music",
    "replace": "true" ,
    "sounds": [
        "girl/girl_02a",
        "girl/girl_02b",
        "girl/girl_02c",
        "girl/girl_02d"
    ]
  },
"girl_03": {
    "category": "music",
    "replace": "true" ,
    "sounds": [
        "girl/girl_03a",
        "girl/girl_03b",
        "girl/girl_03c",
        "girl/girl_03d"
    ]
  },
"spider_queen_hiss": {
    "category": "music",
    "replace": "true" ,
    "sounds": [
        "mob/spider_queen/hiss"
    ]
  },
"spider_queen_spit": {
    "category": "music",
    "replace": "true" ,
    "sounds": [
        "mob/spider_queen/spit"
    ]
  }
}