{
	"credit": "Made with Blockbench",
	"textures": {
		"1": "item/texture",
		"particle": "item/magic/god_wing",
		"1_0": "item/magic/god_wing"
	},
	"elements": [
		{
			"name": "HD",
			"from": [5, 18.00001, 5],
			"to": [11, 24.00001, 11],
			"rotation": {"angle": 0, "axis": "y", "origin": [8, 24, 8]},
			"faces": {
				"north": {"uv": [6, 2, 8, 4], "texture": "#1"},
				"east": {"uv": [4, 2, 6, 4], "texture": "#1"},
				"south": {"uv": [2, 2, 4, 4], "texture": "#1"},
				"west": {"uv": [0, 2, 2, 4], "texture": "#1"},
				"up": {"uv": [2, 2, 4, 0], "texture": "#1"},
				"down": {"uv": [4, 2, 6, 0], "texture": "#1"}
			}
		},
		{
			"name": "BD",
			"from": [5, 9, 6.5],
			"to": [11, 18, 9.5],
			"rotation": {"angle": 0, "axis": "y", "origin": [-16, 0, -16]},
			"faces": {
				"north": {"uv": [8, 5, 10, 8], "texture": "#1"},
				"east": {"uv": [7, 5, 8, 8], "texture": "#1"},
				"south": {"uv": [5, 5, 7, 8], "texture": "#1"},
				"west": {"uv": [4, 5, 5, 8], "texture": "#1"},
				"up": {"uv": [5, 4, 7, 5], "texture": "#1"},
				"down": {"uv": [7, 4, 9, 5], "texture": "#1"}
			}
		},
		{
			"name": "LA",
			"from": [11, 9, 6.5],
			"to": [14, 18, 9.5],
			"rotation": {"angle": 0, "axis": "y", "origin": [-16, 0, -16]},
			"faces": {
				"north": {"uv": [11, 13, 12, 16], "texture": "#1"},
				"east": {"uv": [10, 13, 11, 16], "texture": "#1"},
				"south": {"uv": [9, 13, 10, 16], "texture": "#1"},
				"west": {"uv": [8, 13, 9, 16], "texture": "#1"},
				"up": {"uv": [9, 12, 10, 13], "texture": "#1"},
				"down": {"uv": [10, 12, 11, 13], "texture": "#1"}
			}
		},
		{
			"name": "RA",
			"from": [2, 9, 6.5],
			"to": [5, 18, 9.5],
			"rotation": {"angle": 0, "axis": "y", "origin": [-16, 0, -16]},
			"faces": {
				"north": {"uv": [13, 5, 14, 8], "texture": "#1"},
				"east": {"uv": [10, 5, 11, 8], "texture": "#1"},
				"south": {"uv": [11, 5, 12, 8], "texture": "#1"},
				"west": {"uv": [12, 5, 13, 8], "texture": "#1"},
				"up": {"uv": [11, 4, 12, 5], "texture": "#1"},
				"down": {"uv": [12, 4, 13, 5], "texture": "#1"}
			}
		},
		{
			"name": "LL",
			"from": [8, 0.00002, 6.5],
			"to": [11, 9.00002, 9.5],
			"rotation": {"angle": 0, "axis": "x", "origin": [9.5, 8.50002, 8]},
			"faces": {
				"north": {"uv": [7, 13, 8, 16], "texture": "#1"},
				"east": {"uv": [6, 13, 7, 16], "texture": "#1"},
				"south": {"uv": [5, 13, 6, 16], "texture": "#1"},
				"west": {"uv": [4, 13, 5, 16], "texture": "#1"},
				"up": {"uv": [5, 12, 6, 13], "texture": "#1"},
				"down": {"uv": [6, 12, 7, 13], "texture": "#1"}
			}
		},
		{
			"name": "RL",
			"from": [5.00001, 0, 6.5],
			"to": [8.00001, 9, 9.5],
			"rotation": {"angle": 0, "axis": "y", "origin": [-16, 0, -16]},
			"faces": {
				"north": {"uv": [3, 5, 4, 8], "texture": "#1"},
				"east": {"uv": [2, 5, 3, 8], "texture": "#1"},
				"south": {"uv": [1, 5, 2, 8], "texture": "#1"},
				"west": {"uv": [0, 5, 1, 8], "texture": "#1"},
				"up": {"uv": [1, 4, 2, 5], "texture": "#1"},
				"down": {"uv": [2, 4, 3, 5], "texture": "#1"}
			}
		},
		{
			"from": [-6.23882, 0, 3.85403],
			"to": [4.76118, 24, 3.85403],
			"rotation": {"angle": -22.5, "axis": "y", "origin": [8, 8, 8]},
			"faces": {
				"north": {"uv": [0.5, 0, 0, 0.5], "texture": "#1_0"},
				"east": {"uv": [0, 0, 0.5, 0.5], "texture": "#1_0"},
				"south": {"uv": [16, 0, 8, 16], "texture": "#1_0"},
				"west": {"uv": [0, 0, 0.5, 0.5], "texture": "#1_0"},
				"up": {"uv": [0, 0, 0.5, 0.5], "texture": "#1_0"},
				"down": {"uv": [0, 0, 0.5, 0.5], "texture": "#1_0"}
			}
		},
		{
			"from": [11.23882, 0, 3.85403],
			"to": [22.23882, 24, 3.85403],
			"rotation": {"angle": 22.5, "axis": "y", "origin": [8, 8, 8]},
			"faces": {
				"north": {"uv": [0, 0, 0.5, 0.5], "texture": "#1_0"},
				"east": {"uv": [0, 0, 0.5, 0.5], "texture": "#1_0"},
				"south": {"uv": [8, 0, 16, 16], "texture": "#1_0"},
				"west": {"uv": [0, 0, 0.5, 0.5], "texture": "#1_0"},
				"up": {"uv": [0, 0, 0.5, 0.5], "texture": "#1_0"},
				"down": {"uv": [0, 0, 0.5, 0.5], "texture": "#1_0"}
			}
		}
	],
	"display": {
		"head": {
			"rotation": [0, -180, 0],
			"translation": [0, -13, 0],
			"scale": [2.5, 2.5, 2.5]
		}
	},
	"groups": [0, 1, 2, 3, 4, 5,
		{
			"name": "god_wing",
			"origin": [8, 8, 8],
			"children": [6, 7]
		}
	]
}