{
	"credit": "Made with Blockbench",
	"textures": {
		"0": "item/magic/god_wing"
	},
	"elements": [
		{
			"from": [-12, -16, 0],
			"to": [4, 16, 1],
			"rotation": {"angle": -22.5, "axis": "y", "origin": [8, 8, 8]},
			"faces": {
				"north": {"uv": [8, 0, 0, 16], "texture": "#0"},
				"east": {"uv": [0, 0, 0.5, 0.5], "texture": "#0"},
				"south": {"uv": [16, 0, 8, 16], "texture": "#0"},
				"west": {"uv": [0, 0, 0.5, 0.5], "texture": "#0"},
				"up": {"uv": [0, 0, 0.5, 0.5], "texture": "#0"},
				"down": {"uv": [0, 0, 0.5, 0.5], "texture": "#0"}
			}
		},
		{
			"from": [13, -16, 0],
			"to": [29, 16, 1],
			"rotation": {"angle": 22.5, "axis": "y", "origin": [8, 8, 8]},
			"faces": {
				"north": {"uv": [0, 0, 8, 16], "texture": "#0"},
				"east": {"uv": [0, 0, 0.5, 0.5], "texture": "#0"},
				"south": {"uv": [8, 0, 16, 16], "texture": "#0"},
				"west": {"uv": [0, 0, 0.5, 0.5], "texture": "#0"},
				"up": {"uv": [0, 0, 0.5, 0.5], "texture": "#0"},
				"down": {"uv": [0, 0, 0.5, 0.5], "texture": "#0"}
			}
		},
		{
			"name": "HD",
			"from": [3.9104, 9.11201, 3.9104],
			"to": [12.0896, 17.29121, 12.0896],
			"rotation": {"angle": 0, "axis": "y", "origin": [8, 29.8112, 8]},
			"color": 4,
			"faces": {
				"north": {"uv": [6, 2, 8, 4], "texture": "#missing"},
				"east": {"uv": [4, 2, 6, 4], "texture": "#missing"},
				"south": {"uv": [2, 2, 4, 4], "texture": "#missing"},
				"west": {"uv": [0, 2, 2, 4], "texture": "#missing"},
				"up": {"uv": [2, 2, 4, 0], "texture": "#missing"},
				"down": {"uv": [4, 2, 6, 0], "texture": "#missing"}
			}
		},
		{
			"name": "BD",
			"from": [3.9104, -3.1568, 5.9552],
			"to": [12.0896, 9.112, 10.0448],
			"rotation": {"angle": 0, "axis": "y", "origin": [-24.7168, -2.9056, -24.7168]},
			"color": 7,
			"faces": {
				"north": {"uv": [8, 5, 10, 8], "texture": "#missing"},
				"east": {"uv": [7, 5, 8, 8], "texture": "#missing"},
				"south": {"uv": [5, 5, 7, 8], "texture": "#missing"},
				"west": {"uv": [4, 5, 5, 8], "texture": "#missing"},
				"up": {"uv": [5, 4, 7, 5], "texture": "#missing"},
				"down": {"uv": [7, 4, 9, 5], "texture": "#missing"}
			}
		},
		{
			"name": "LA",
			"from": [12.0896, -3.1568, 5.9552],
			"to": [15.1568, 9.112, 10.0448],
			"rotation": {"angle": 0, "axis": "y", "origin": [-24.7168, -2.9056, -24.7168]},
			"color": 4,
			"faces": {
				"north": {"uv": [10.75, 13, 11.5, 16], "texture": "#missing"},
				"east": {"uv": [9.75, 13, 10.75, 16], "texture": "#missing"},
				"south": {"uv": [9, 13, 9.75, 16], "texture": "#missing"},
				"west": {"uv": [8, 13, 9, 16], "texture": "#missing"},
				"up": {"uv": [9, 12, 9.75, 13], "texture": "#missing"},
				"down": {"uv": [9.75, 12, 10.5, 13], "texture": "#missing"}
			}
		},
		{
			"name": "RA",
			"from": [0.8432, -3.1568, 5.9552],
			"to": [3.9104, 9.112, 10.0448],
			"rotation": {"angle": 0, "axis": "y", "origin": [-24.7168, -2.9056, -24.7168]},
			"color": 7,
			"faces": {
				"north": {"uv": [12.75, 5, 13.5, 8], "texture": "#missing"},
				"east": {"uv": [10, 5, 11, 8], "texture": "#missing"},
				"south": {"uv": [11, 5, 11.75, 8], "texture": "#missing"},
				"west": {"uv": [11.75, 5, 12.75, 8], "texture": "#missing"},
				"up": {"uv": [11, 4, 11.75, 5], "texture": "#missing"},
				"down": {"uv": [11.75, 4, 12.5, 5], "texture": "#missing"}
			}
		},
		{
			"name": "LL",
			"from": [8, -15.42557, 5.9552],
			"to": [12.0896, -3.15677, 10.0448],
			"rotation": {"angle": 0, "axis": "y", "origin": [-24.7168, -2.9056, -24.7168]},
			"color": 5,
			"faces": {
				"north": {"uv": [7, 13, 8, 16], "texture": "#missing"},
				"east": {"uv": [6, 13, 7, 16], "texture": "#missing"},
				"south": {"uv": [5, 13, 6, 16], "texture": "#missing"},
				"west": {"uv": [4, 13, 5, 16], "texture": "#missing"},
				"up": {"uv": [5, 12, 6, 13], "texture": "#missing"},
				"down": {"uv": [6, 12, 7, 13], "texture": "#missing"}
			}
		},
		{
			"name": "RL",
			"from": [3.91041, -15.4256, 5.9552],
			"to": [8.00001, -3.1568, 10.0448],
			"rotation": {"angle": 0, "axis": "y", "origin": [-24.7168, -2.9056, -24.7168]},
			"color": 4,
			"faces": {
				"north": {"uv": [3, 5, 4, 8], "texture": "#missing"},
				"east": {"uv": [2, 5, 3, 8], "texture": "#missing"},
				"south": {"uv": [1, 5, 2, 8], "texture": "#missing"},
				"west": {"uv": [0, 5, 1, 8], "texture": "#missing"},
				"up": {"uv": [1, 4, 2, 5], "texture": "#missing"},
				"down": {"uv": [2, 4, 3, 5], "texture": "#missing"}
			}
		}
	],
	"display": {
		"head": {
			"rotation": [0, 180, 0],
			"translation": [0, 15.5, 3],
			"scale": [2, 2, 2]
		}
	},
	"groups": [0, 1,
		{
			"name": "reminia",
			"origin": [8, 8, 8],
			"children": [2, 3, 4, 5, 6, 7]
		}
	]
}