{
	"credit": "Made with Blockbench",
	"textures": {
		"0": "item/magic/spell_health",
		"particle": "item/magic/spell_health"
	},
	"elements": [
		{
			"from": [-16, 8, -16],
			"to": [32, 8, 32],
			"rotation": {"angle": 0, "axis": "y", "origin": [15.5, 16, 15.5]},
			"faces": {
				"north": {"uv": [0, 0, 0.5, 0.5], "texture": "#0"},
				"east": {"uv": [0, 0, 0.5, 0.5], "texture": "#0"},
				"south": {"uv": [0, 0, 0.5, 0.5], "texture": "#0"},
				"west": {"uv": [0, 0, 0.5, 0.5], "texture": "#0"},
				"up": {"uv": [0, 0, 16, 16], "texture": "#0"},
				"down": {"uv": [0, 0, 0.5, 0.5], "texture": "#0"}
			}
		}
	],
	"display": {
		"head": {
			"translation": [0, -43, 0],
			"scale": [4, 4, 4]
		}
	}
}