{
	"credit": "Made with Blockbench",
	"textures": {
		"0": "item/sword/common_sword",
		"particle": "item/sword/common_sword"
	},
	"elements": [
		{
			"from": [7.625, -14.5, 7.625],
			"to": [8.375, -6.5, 8.375],
			"rotation": {"angle": 0, "axis": "y", "origin": [8.125, 8, 8.125]},
			"faces": {
				"north": {"uv": [15, 0, 16, 5], "texture": "#0"},
				"east": {"uv": [15, 0, 16, 5], "texture": "#0"},
				"south": {"uv": [15, 0, 16, 5], "texture": "#0"},
				"west": {"uv": [15, 0, 16, 5], "texture": "#0"},
				"up": {"uv": [15, 0, 16, 1], "texture": "#0"},
				"down": {"uv": [15, 0, 16, 1], "texture": "#0"}
			}
		},
		{
			"from": [7.5, -15.49993, 7.5],
			"to": [8.5, -14.49993, 8.5],
			"rotation": {"angle": 0, "axis": "y", "origin": [8.28846, 31.5, 8.2116]},
			"faces": {
				"north": {"uv": [6, 14.5, 7.5, 16], "texture": "#0"},
				"east": {"uv": [6, 14.5, 7.5, 16], "texture": "#0"},
				"south": {"uv": [6, 14.5, 7.5, 16], "texture": "#0"},
				"west": {"uv": [6, 14.5, 7.5, 16], "texture": "#0"},
				"up": {"uv": [6, 12.688, 7.5, 14.188], "texture": "#0"},
				"down": {"uv": [6, 15.5, 7, 16], "texture": "#0"}
			}
		},
		{
			"from": [5.75, -5.49998, 7.9],
			"to": [10.25, 20.00002, 8.1],
			"rotation": {"angle": 0, "axis": "y", "origin": [15.01224, 15.5, 15.48778]},
			"faces": {
				"north": {"uv": [0, 0, 1.5, 3.5], "texture": "#0"},
				"east": {"uv": [0, 0, 0.2, 3.5], "texture": "#0"},
				"south": {"uv": [0, 0, 2, 16], "texture": "#0"},
				"west": {"uv": [0, 0, 0.2, 3.5], "texture": "#0"},
				"up": {"uv": [0, 0, 2.875, 0.325], "texture": "#0"},
				"down": {"uv": [0, 0, 2.813, 0.325], "texture": "#0"}
			}
		},
		{
			"from": [7.5, 28.00002, 7.9],
			"to": [8.5, 29.50002, 8.1],
			"rotation": {"angle": 0, "axis": "y", "origin": [14.51224, 15.5, 15.48778]},
			"faces": {
				"north": {"uv": [0, 0, 1, 1.5], "texture": "#0"},
				"east": {"uv": [0, 0, 0.2, 1.5], "texture": "#0"},
				"south": {"uv": [0, 0, 2, 16], "texture": "#0"},
				"west": {"uv": [0, 0, 0.2, 1.5], "texture": "#0"},
				"up": {"uv": [0, 0, 2.875, 0.325], "texture": "#0"},
				"down": {"uv": [0, 0, 2.813, 0.325], "texture": "#0"}
			}
		},
		{
			"from": [7, 26, 7.9],
			"to": [9, 28, 8.1],
			"rotation": {"angle": 0, "axis": "y", "origin": [14.51224, 15.5, 15.48778]},
			"faces": {
				"north": {"uv": [0, 0, 1, 1.5], "texture": "#0"},
				"east": {"uv": [0, 0, 0.2, 1.5], "texture": "#0"},
				"south": {"uv": [0, 0, 2, 16], "texture": "#0"},
				"west": {"uv": [0, 0, 0.2, 1.5], "texture": "#0"},
				"up": {"uv": [0, 0, 2.875, 0.325], "texture": "#0"},
				"down": {"uv": [0, 0, 2.813, 0.325], "texture": "#0"}
			}
		},
		{
			"from": [6.5, 23, 7.9],
			"to": [9.5, 26, 8.1],
			"rotation": {"angle": 0, "axis": "y", "origin": [14.51224, 15.5, 15.48778]},
			"faces": {
				"north": {"uv": [0, 0, 1, 1.5], "texture": "#0"},
				"east": {"uv": [0, 0, 0.2, 1.5], "texture": "#0"},
				"south": {"uv": [0, 0, 2, 16], "texture": "#0"},
				"west": {"uv": [0, 0, 0.2, 1.5], "texture": "#0"},
				"up": {"uv": [0, 0, 2.875, 0.325], "texture": "#0"},
				"down": {"uv": [0, 0, 2.813, 0.325], "texture": "#0"}
			}
		},
		{
			"from": [6, 20, 7.9],
			"to": [10, 23, 8.1],
			"rotation": {"angle": 0, "axis": "y", "origin": [14.51224, 15.5, 15.48778]},
			"faces": {
				"north": {"uv": [0, 0, 1, 1.5], "texture": "#0"},
				"east": {"uv": [0, 0, 0.2, 1.5], "texture": "#0"},
				"south": {"uv": [0, 0, 2, 16], "texture": "#0"},
				"west": {"uv": [0, 0, 0.2, 1.5], "texture": "#0"},
				"up": {"uv": [0, 0, 2.875, 0.325], "texture": "#0"},
				"down": {"uv": [0, 0, 2.813, 0.325], "texture": "#0"}
			}
		},
		{
			"from": [7.75, 29.50002, 7.9],
			"to": [8.25, 30.50002, 8.1],
			"rotation": {"angle": 0, "axis": "y", "origin": [14.51224, 15.5, 15.48778]},
			"faces": {
				"north": {"uv": [0, 0, 1, 1.5], "texture": "#0"},
				"east": {"uv": [0, 0, 0.2, 1.5], "texture": "#0"},
				"south": {"uv": [0, 0, 2, 16], "texture": "#0"},
				"west": {"uv": [0, 0, 0.2, 1.5], "texture": "#0"},
				"up": {"uv": [0, 0, 2.875, 0.325], "texture": "#0"},
				"down": {"uv": [0, 0, 2.813, 0.325], "texture": "#0"}
			}
		},
		{
			"from": [7.75, 30.50002, 7.9],
			"to": [7.75, 31.50002, 8.1],
			"rotation": {"angle": 0, "axis": "y", "origin": [15.01049, 15.5, 15.48953]},
			"faces": {
				"north": {"uv": [0, 0, 1, 1.5], "texture": "#0"},
				"east": {"uv": [0, 0, 0.2, 1.5], "texture": "#0"},
				"south": {"uv": [0, 0, 2, 16], "texture": "#0"},
				"west": {"uv": [0, 0, 0.2, 1.5], "texture": "#0"},
				"up": {"uv": [0, 0, 2.875, 0.325], "texture": "#0"},
				"down": {"uv": [0, 0, 2.813, 0.325], "texture": "#0"}
			}
		},
		{
			"from": [4.5, -6.5, 7.5],
			"to": [11.5, -5.5, 8.5],
			"rotation": {"angle": 0, "axis": "y", "origin": [15.52797, 15.5, 15.47382]},
			"faces": {
				"north": {"uv": [3, 0, 4, 16], "rotation": 90, "texture": "#0"},
				"east": {"uv": [3, 15, 4, 16], "texture": "#0"},
				"south": {"uv": [3, 0, 4, 16], "rotation": 270, "texture": "#0"},
				"west": {"uv": [3, 0, 4, 1], "texture": "#0"},
				"up": {"uv": [3, 0, 4, 16], "rotation": 270, "texture": "#0"},
				"down": {"uv": [3, 0, 4, 16], "rotation": 270, "texture": "#0"}
			}
		}
	],
	"gui_light": "front",
	"display": {
		"thirdperson_righthand": {
			"rotation": [0, 90, 0],
			"translation": [0, 15, 0]
		},
		"thirdperson_lefthand": {
			"rotation": [0, 90, 0],
			"translation": [0, 15, 0]
		},
		"firstperson_righthand": {
			"rotation": [0, 90, 0],
			"translation": [0, 15, 0]
		},
		"firstperson_lefthand": {
			"rotation": [0, 90, 0],
			"translation": [0, 15, 0]
		},
		"ground": {
			"rotation": [-180, 0, 0],
			"translation": [0, 20, 0]
		},
		"gui": {
			"rotation": [0, -180, 45],
			"scale": [0.5, 0.4, 1]
		},
		"fixed": {
			"rotation": [-180, 0, 0],
			"translation": [0, 60, 17],
			"scale": [2, 2, 2]
		}
	},
	"groups": [
		{
			"name": "Hilt",
			"origin": [15.5, 15.5, 15.5],
			"children": [0, 1]
		},
		{
			"name": "Blade",
			"origin": [15.5, 15.5, 15.5],
			"children": [2, 3, 4, 5, 6, 7, 8]
		},
		{
			"name": "group",
			"origin": [8, 8, 8],
			"children": [9]
		}
	]
}