{
	"parent": "item/generated",
	"textures": {
		"layer0": "item/carrot_on_a_stick"
	},
	
	"overrides": [
		{"predicate": {"custom_model_data":1}, "model": "item/sword/star_moon_sword/star_moon_sword"},
		{"predicate": {"custom_model_data":2}, "model": "item/sword/star_moon_sword/star_moon_sword_reminia"},
		{"predicate": {"custom_model_data":3}, "model": "item/sword/star_moon_sword/star_moon_sword_ex"},
		{"predicate": {"custom_model_data":4}, "model": "item/sword/theseus_sword/theseus_sword"},
		{"predicate": {"custom_model_data":5}, "model": "item/sword/theseus_sword/theseus_sword_plus"},
		{"predicate": {"custom_model_data":6}, "model": "item/sword/theseus_sword/theseus_sword_ex"},
		{"predicate": {"custom_model_data":1001}, "model": "item/sword/common_weapon/long_sword"},
		{"predicate": {"custom_model_data":1002}, "model": "item/sword/common_weapon/broad_sword"},
		{"predicate": {"custom_model_data":1003}, "model": "item/sword/common_weapon/short_sword"},
		{"predicate": {"custom_model_data":1004}, "model": "item/sword/common_weapon/dagger"},
		{"predicate": {"custom_model_data":2001}, "model": "item/claymore/common_weapon/claymore"},
		{"predicate": {"custom_model_data":3001}, "model": "item/lance/common_weapon/lance"},
		{"predicate": {"custom_model_data":4001}, "model": "item/staff/common_weapon/staff"},
		{"predicate": {"custom_model_data":9000}, "model": "item/item/skill_learn"}
	]
}