{
	"parent": "item/generated",
	"textures": {
		"layer0": "item/egg"
	},
	
	"overrides": [
		{"predicate": {"custom_model_data":1}, "model": "item/npc/shirley_coc/reminia"},
		{"predicate": {"custom_model_data":2}, "model": "item/npc/shirley_coc/shirley"},
		{"predicate": {"custom_model_data":3}, "model": "item/npc/shirley_coc/theseus"},
		{"predicate": {"custom_model_data":4}, "model": "item/npc/falles/todd"},
		{"predicate": {"custom_model_data":5}, "model": "item/npc/falles/shop"},
		{"predicate": {"custom_model_data":6}, "model": "item/npc/gods/eve"},
		{"predicate": {"custom_model_data":7}, "model": "item/npc/gods/penny"}
	]
}