{
	"parent": "item/generated",
	"textures": {
		"layer0": "item/paper"
	},
	
	"overrides": [
		{"predicate": {"custom_model_data":1}, "model": "item/skill_icon/skill"},
		{"predicate": {"custom_model_data":2}, "model": "item/skill_icon/sword"},
		{"predicate": {"custom_model_data":3}, "model": "item/skill_icon/sword_slash"},
		{"predicate": {"custom_model_data":4}, "model": "item/skill_icon/sword_rush"},
		{"predicate": {"custom_model_data":5}, "model": "item/skill_icon/sword_rise"},
		{"predicate": {"custom_model_data":6}, "model": "item/skill_icon/sword_drop"},
		{"predicate": {"custom_model_data":7}, "model": "item/skill_icon/sword_double"},
		{"predicate": {"custom_model_data":8}, "model": "item/skill_icon/claymore"},
		{"predicate": {"custom_model_data":12}, "model": "item/skill_icon/lance"},
		{"predicate": {"custom_model_data":16}, "model": "item/skill_icon/wand"}
	]
}