{
	"parent": "item/generated",
	"textures": {
		"layer0": "item/stick"
	},
	
	"overrides": [
		{"predicate": {"custom_model_data":1}, "model": "item/item/god"},
		{"predicate": {"custom_model_data":2}, "model": "item/effect/sword/09"},
		{"predicate": {"custom_model_data":3}, "model": "item/effect/sword/01"},
		{"predicate": {"custom_model_data":4}, "model": "item/effect/sword/02"},
		{"predicate": {"custom_model_data":5}, "model": "item/effect/sword/03"},
		{"predicate": {"custom_model_data":6}, "model": "item/effect/sword/01"},
		{"predicate": {"custom_model_data":7}, "model": "item/effect/sword/04"},
		{"predicate": {"custom_model_data":8}, "model": "item/effect/sword/05"},
		{"predicate": {"custom_model_data":9}, "model": "item/effect/sword/06"},
		{"predicate": {"custom_model_data":10}, "model": "item/effect/sword/07"},
		{"predicate": {"custom_model_data":11}, "model": "item/effect/sword/08"},
		{"predicate": {"custom_model_data":12}, "model": "item/effect/staff/01"},
		{"predicate": {"custom_model_data":13}, "model": "item/effect/staff/02"},
		{"predicate": {"custom_model_data":14}, "model": "item/effect/claymore/01"},
		{"predicate": {"custom_model_data":15}, "model": "item/effect/claymore/02"},
		{"predicate": {"custom_model_data":16}, "model": "item/effect/claymore/03"},
		{"predicate": {"custom_model_data":17}, "model": "item/effect/claymore/04"},
		{"predicate": {"custom_model_data":18}, "model": "item/effect/claymore/05"},
		{"predicate": {"custom_model_data":19}, "model": "item/effect/staff/03"},
		{"predicate": {"custom_model_data":20}, "model": "item/effect/staff/04"},
		{"predicate": {"custom_model_data":21}, "model": "item/effect/staff/05"},
		{"predicate": {"custom_model_data":22}, "model": "item/effect/staff/06"},
		{"predicate": {"custom_model_data":23}, "model": "item/effect/staff/07"},
		{"predicate": {"custom_model_data":24}, "model": "item/effect/lance/01"},
		{"predicate": {"custom_model_data":25}, "model": "item/effect/lance/02"},
		{"predicate": {"custom_model_data":26}, "model": "item/effect/lance/03"},
		{"predicate": {"custom_model_data":27}, "model": "item/effect/lance/04"},
		{"predicate": {"custom_model_data":28}, "model": "item/effect/lance/05"},
		{"predicate": {"custom_model_data":29}, "model": "item/effect/lance/06_1"},
		{"predicate": {"custom_model_data":30}, "model": "item/effect/lance/06_2"},
		{"predicate": {"custom_model_data":31}, "model": "item/effect/lance/06_3"},
		{"predicate": {"custom_model_data":32}, "model": "item/effect/lance/06_4"},
		{"predicate": {"custom_model_data":33}, "model": "item/effect/lance/05e"}
	]
}