{
	"parent": "item/generated",
	"textures": {
		"layer0": "item/structure_void"
	},
	
	"overrides": [
		{"predicate": {"custom_model_data":101}, "model": "item/boss/boss_01/reminia"},
		{"predicate": {"custom_model_data":102}, "model": "item/boss/boss_01/reminia_hurt"},

		{"predicate": {"custom_model_data":201}, "model": "item/boss/boss_02/douglas_rhand"},
		{"predicate": {"custom_model_data":202}, "model": "item/boss/boss_02/douglas_lhand"},
		{"predicate": {"custom_model_data":203}, "model": "item/boss/boss_02/douglas_body"},
		{"predicate": {"custom_model_data":204}, "model": "item/boss/boss_02/douglas_moving"},
		{"predicate": {"custom_model_data":205}, "model": "item/boss/boss_02/douglas_hurt_rhand"},
		{"predicate": {"custom_model_data":206}, "model": "item/boss/boss_02/douglas_hurt_lhand"},
		{"predicate": {"custom_model_data":207}, "model": "item/boss/boss_02/douglas_hurt_body"},

		{"predicate": {"custom_model_data":1001}, "model": "item/mob/sprider_queen/right_hand"},
		{"predicate": {"custom_model_data":1002}, "model": "item/mob/sprider_queen/left_hand"},
		{"predicate": {"custom_model_data":1003}, "model": "item/mob/sprider_queen/body"},
		{"predicate": {"custom_model_data":1004}, "model": "item/mob/sprider_queen/moving"},
		{"predicate": {"custom_model_data":1005}, "model": "item/mob/sprider_queen/right_hand_hurt"},
		{"predicate": {"custom_model_data":1006}, "model": "item/mob/sprider_queen/right_hand_hurt"},
		{"predicate": {"custom_model_data":1007}, "model": "item/mob/sprider_queen/body_hurt"},
		{"predicate": {"custom_model_data":1008}, "model": "item/mob/sprider_queen/skill_1a"},
		{"predicate": {"custom_model_data":1009}, "model": "item/mob/sprider_queen/skill_1b"},
		{"predicate": {"custom_model_data":1010}, "model": "item/mob/sprider_queen/skill_2a"},
		{"predicate": {"custom_model_data":1011}, "model": "item/mob/sprider_queen/skill_2b"},
		{"predicate": {"custom_model_data":1012}, "model": "item/mob/sprider_queen/skill_3"}
	]
}